transaction_id,customer_id,customer_name,amount,currency,payment_method,transaction_date,payment_status,failure_reason,customer_history,retry_count,customer_segment,recovered_after_retry,data_source
TXN00534,CUST0043,Shreya Pillai,1026.53,INR,UPI,2026-06-06 04:24:49,Success,,Regular Customer,0,Regular,,SYNTHETIC_SIMULATION
TXN00228,CUST0012,Shreya Kulkarni,3168.86,INR,Credit Card,2026-06-06 04:36:00,Success,,Loyal Customer,0,Premium,,SYNTHETIC_SIMULATION
TXN00451,CUST0145,Manish Patel,1930.48,INR,UPI,2026-06-06 05:47:58,Failed,Network Failure,Loyal Customer,1,Regular,0.0,SYNTHETIC_SIMULATION
TXN00191,CUST0063,Sneha Kulkarni,686.83,INR,UPI,2026-06-06 06:16:47,Failed,Network Failure,New Customer,1,New,1.0,SYNTHETIC_SIMULATION
TXN00520,CUST0070,Manish Iyer,3020.76,INR,Debit Card,2026-06-06 07:16:21,Success,,Occasional Buyer,0,Regular,,SYNTHETIC_SIMULATION
TXN00272,CUST0118,Vikram Pillai,379.36,INR,Credit Card,2026-06-06 10:30:06,Failed,Network Failure,New Customer,0,New,0.0,SYNTHETIC_SIMULATION
TXN00038,CUST0163,Ananya Menon,2038.9,INR,Netbanking,2026-06-06 13:16:51,Success,,Loyal Customer,0,Premium,,SYNTHETIC_SIMULATION
TXN00419,CUST0152,Priya Rao,9795.21,INR,UPI,2026-06-06 15:04:58,Success,,Occasional Buyer,0,Premium,,SYNTHETIC_SIMULATION
TXN00108,CUST0080,Kiran Nair,997.0,INR,Wallet,2026-06-06 16:32:57,Failed,Network Failure,Regular Customer,0,New,1.0,SYNTHETIC_SIMULATION
TXN00269,CUST0005,Kunal Singh,1568.66,INR,Credit Card,2026-06-06 17:57:19,Success,,Regular Customer,0,Regular,,SYNTHETIC_SIMULATION
TXN00041,CUST0095,Rohan Chowdhury,1398.39,INR,Debit Card,2026-06-06 21:56:47,Success,,Occasional Buyer,0,New,,SYNTHETIC_SIMULATION
TXN00647,CUST0190,Radhika Reddy,178.02,INR,Netbanking,2026-06-06 23:15:16,Failed,Bank Server Issue,Occasional Buyer,1,New,1.0,SYNTHETIC_SIMULATION
TXN00155,CUST0218,Aditya Reddy,1070.46,INR,UPI,2026-06-07 01:29:47,Failed,Network Failure,New Customer,0,New,0.0,SYNTHETIC_SIMULATION
TXN00362,CUST0156,Amit Joshi,4642.49,INR,UPI,2026-06-07 03:15:18,Success,,Regular Customer,0,Regular,,SYNTHETIC_SIMULATION
TXN00350,CUST0110,Rajesh Gupta,1776.86,INR,UPI,2026-06-07 07:04:53,Success,,Occasional Buyer,0,Regular,,SYNTHETIC_SIMULATION
TXN00071,CUST0156,Amit Joshi,2437.6,INR,Wallet,2026-06-07 12:00:57,Failed,Insufficient Funds,Regular Customer,2,Regular,0.0,SYNTHETIC_SIMULATION
TXN00143,CUST0184,Vikram Chowdhury,2431.49,INR,Credit Card,2026-06-07 18:26:26,Success,,Regular Customer,0,Premium,,SYNTHETIC_SIMULATION
TXN00277,CUST0059,Anjali Verma,2229.39,INR,UPI,2026-06-07 22:54:52,Success,,Occasional Buyer,0,Regular,,SYNTHETIC_SIMULATION
TXN00470,CUST0126,Harsh Pillai,1455.78,INR,Netbanking,2026-06-08 05:51:16,Success,,Occasional Buyer,0,Regular,,SYNTHETIC_SIMULATION
TXN00056,CUST0217,Meera Desai,3334.92,INR,UPI,2026-06-08 06:12:33,Success,,Regular Customer,0,Regular,,SYNTHETIC_SIMULATION
TXN00537,CUST0092,Ishita Gupta,1244.85,INR,Credit Card,2026-06-08 07:02:08,Success,,Loyal Customer,0,Regular,,SYNTHETIC_SIMULATION
TXN00619,CUST0207,Ananya Agarwal,2603.35,INR,Wallet,2026-06-08 08:19:00,Success,,Loyal Customer,0,Regular,,SYNTHETIC_SIMULATION
TXN00278,CUST0012,Shreya Kulkarni,4023.44,INR,Wallet,2026-06-08 12:29:12,Success,,Loyal Customer,0,Premium,,SYNTHETIC_SIMULATION
TXN00401,CUST0024,Lakshmi Chowdhury,344.93,INR,UPI,2026-06-08 13:21:17,Success,,Occasional Buyer,0,New,,SYNTHETIC_SIMULATION
TXN00153,CUST0114,Karthik Patel,1374.69,INR,Wallet,2026-06-08 13:54:52,Success,,Regular Customer,0,Regular,,SYNTHETIC_SIMULATION
TXN00261,CUST0141,Abhishek Sharma,514.83,INR,Debit Card,2026-06-08 14:34:08,Failed,Network Failure,New Customer,3,New,0.0,SYNTHETIC_SIMULATION
TXN00638,CUST0131,Pooja Patel,2080.42,INR,UPI,2026-06-08 14:45:17,Success,,Occasional Buyer,0,Regular,,SYNTHETIC_SIMULATION
TXN00501,CUST0050,Kunal Iyer,3325.57,INR,Credit Card,2026-06-08 16:10:29,Success,,Regular Customer,0,Regular,,SYNTHETIC_SIMULATION
TXN00453,CUST0108,Meera Bose,496.99,INR,Wallet,2026-06-08 19:33:59,Success,,Occasional Buyer,0,New,,SYNTHETIC_SIMULATION
TXN00372,CUST0196,Siddharth Malhotra,2627.79,INR,Netbanking,2026-06-09 01:41:42,Failed,Network Failure,Regular Customer,2,Regular,0.0,SYNTHETIC_SIMULATION
TXN00339,CUST0220,Riya Malhotra,6677.28,INR,Credit Card,2026-06-09 05:44:44,Failed,Network Failure,Regular Customer,1,Premium,1.0,SYNTHETIC_SIMULATION
TXN00146,CUST0104,Rajesh Kulkarni,3071.75,INR,UPI,2026-06-09 08:06:12,Success,,Regular Customer,0,Regular,,SYNTHETIC_SIMULATION
TXN00321,CUST0118,Vikram Pillai,951.65,INR,Credit Card,2026-06-09 13:06:29,Success,,New Customer,0,New,,SYNTHETIC_SIMULATION
TXN00226,CUST0015,Shreya Gupta,1725.67,INR,Credit Card,2026-06-09 13:29:55,Success,,Occasional Buyer,0,New,,SYNTHETIC_SIMULATION
TXN00147,CUST0037,Meera Singh,2926.39,INR,Netbanking,2026-06-09 18:13:55,Failed,Bank Server Issue,Loyal Customer,2,Premium,1.0,SYNTHETIC_SIMULATION
TXN00301,CUST0204,Riya Kulkarni,3588.55,INR,Debit Card,2026-06-09 20:27:27,Failed,Insufficient Funds,Loyal Customer,0,Premium,1.0,SYNTHETIC_SIMULATION
TXN00556,CUST0012,Shreya Kulkarni,4420.74,INR,Wallet,2026-06-09 23:42:59,Failed,Authentication Failure,Loyal Customer,1,Premium,1.0,SYNTHETIC_SIMULATION
TXN00078,CUST0029,Rahul Reddy,750.39,INR,UPI,2026-06-09 23:52:26,Success,,Occasional Buyer,0,New,,SYNTHETIC_SIMULATION
TXN00644,CUST0001,Riya Singh,874.17,INR,Netbanking,2026-06-10 01:54:59,Success,,New Customer,0,Regular,,SYNTHETIC_SIMULATION
TXN00264,CUST0020,Anjali Menon,3254.54,INR,Wallet,2026-06-10 04:02:41,Success,,Loyal Customer,0,Premium,,SYNTHETIC_SIMULATION
TXN00567,CUST0150,Manish Joshi,1960.47,INR,Credit Card,2026-06-10 17:28:42,Success,,Regular Customer,0,Premium,,SYNTHETIC_SIMULATION
TXN00065,CUST0032,Manish Bose,8153.99,INR,UPI,2026-06-10 17:40:38,Success,,Loyal Customer,0,Premium,,SYNTHETIC_SIMULATION
TXN00266,CUST0016,Riya Patel,1005.98,INR,Credit Card,2026-06-11 00:43:31,Success,,Occasional Buyer,0,Regular,,SYNTHETIC_SIMULATION
TXN00433,CUST0023,Kiran Desai,763.84,INR,Netbanking,2026-06-11 01:32:51,Success,,New Customer,0,New,,SYNTHETIC_SIMULATION
TXN00352,CUST0065,Preeti Gupta,2175.93,INR,UPI,2026-06-11 01:54:17,Failed,Network Failure,New Customer,0,New,0.0,SYNTHETIC_SIMULATION
TXN00374,CUST0156,Amit Joshi,3386.66,INR,UPI,2026-06-11 02:14:15,Success,,Regular Customer,0,Regular,,SYNTHETIC_SIMULATION
TXN00051,CUST0205,Harsh Bose,1090.56,INR,UPI,2026-06-11 03:13:02,Failed,Network Failure,Occasional Buyer,2,New,1.0,SYNTHETIC_SIMULATION
TXN00028,CUST0159,Tanvi Nair,1124.87,INR,UPI,2026-06-11 07:15:30,Success,,Loyal Customer,0,New,,SYNTHETIC_SIMULATION
TXN00107,CUST0086,Swati Desai,5638.66,INR,UPI,2026-06-11 07:25:40,Success,,Regular Customer,0,Regular,,SYNTHETIC_SIMULATION
TXN00025,CUST0180,Sneha Desai,647.66,INR,UPI,2026-06-11 16:41:22,Failed,Network Failure,New Customer,2,New,0.0,SYNTHETIC_SIMULATION
TXN00005,CUST0215,Suresh Pillai,780.17,INR,Credit Card,2026-06-11 20:06:21,Success,,New Customer,0,New,,SYNTHETIC_SIMULATION
TXN00055,CUST0158,Kunal Agarwal,3522.94,INR,UPI,2026-06-11 21:15:50,Failed,Bank Server Issue,New Customer,0,Regular,0.0,SYNTHETIC_SIMULATION
TXN00106,CUST0099,Riya Joshi,1144.17,INR,UPI,2026-06-12 00:13:20,Success,,New Customer,0,New,,SYNTHETIC_SIMULATION
TXN00541,CUST0064,Varun Verma,3164.12,INR,Credit Card,2026-06-12 01:37:53,Failed,Network Failure,New Customer,1,Regular,0.0,SYNTHETIC_SIMULATION
TXN00584,CUST0211,Anjali Bose,3506.65,INR,Debit Card,2026-06-12 02:35:56,Failed,Insufficient Funds,New Customer,0,New,0.0,SYNTHETIC_SIMULATION
TXN00517,CUST0013,Aditya Rao,1212.63,INR,Debit Card,2026-06-12 02:59:50,Failed,Card Declined,New Customer,1,New,1.0,SYNTHETIC_SIMULATION
TXN00009,CUST0099,Riya Joshi,677.44,INR,Wallet,2026-06-12 07:48:59,Success,,New Customer,0,New,,SYNTHETIC_SIMULATION
TXN00565,CUST0034,Siddharth Nair,9903.14,INR,Wallet,2026-06-12 08:45:09,Success,,Regular Customer,0,Premium,,SYNTHETIC_SIMULATION
TXN00650,CUST0134,Abhishek Chowdhury,7693.29,INR,UPI,2026-06-12 09:45:27,Success,,New Customer,0,Premium,,SYNTHETIC_SIMULATION
TXN00166,CUST0198,Karthik Rao,6676.78,INR,Credit Card,2026-06-12 09:57:14,Success,,Occasional Buyer,0,Premium,,SYNTHETIC_SIMULATION
TXN00489,CUST0067,Ishita Chowdhury,5053.96,INR,Debit Card,2026-06-12 13:09:26,Failed,Insufficient Funds,Regular Customer,0,Regular,1.0,SYNTHETIC_SIMULATION
TXN00139,CUST0200,Anjali Menon,1462.8,INR,UPI,2026-06-12 14:21:49,Failed,Bank Server Issue,Occasional Buyer,1,New,1.0,SYNTHETIC_SIMULATION
TXN00256,CUST0098,Anjali Kapoor,671.46,INR,Credit Card,2026-06-12 15:21:31,Failed,Insufficient Funds,Occasional Buyer,3,New,0.0,SYNTHETIC_SIMULATION
TXN00626,CUST0146,Sneha Joshi,1508.44,INR,UPI,2026-06-12 16:03:36,Success,,Regular Customer,0,Regular,,SYNTHETIC_SIMULATION
TXN00549,CUST0131,Pooja Patel,2450.7,INR,Credit Card,2026-06-12 18:53:19,Success,,Occasional Buyer,0,Regular,,SYNTHETIC_SIMULATION
TXN00177,CUST0153,Rajesh Chowdhury,2012.54,INR,Netbanking,2026-06-12 19:24:43,Success,,Loyal Customer,0,Regular,,SYNTHETIC_SIMULATION
TXN00060,CUST0030,Riya Kapoor,3417.11,INR,Netbanking,2026-06-12 22:21:07,Success,,Regular Customer,0,Regular,,SYNTHETIC_SIMULATION
TXN00592,CUST0190,Radhika Reddy,674.12,INR,Debit Card,2026-06-13 04:54:15,Success,,Occasional Buyer,0,New,,SYNTHETIC_SIMULATION
TXN00357,CUST0193,Deepak Mehta,887.93,INR,Netbanking,2026-06-13 07:28:47,Failed,Network Failure,New Customer,1,New,1.0,SYNTHETIC_SIMULATION
TXN00480,CUST0055,Vikram Pillai,1757.67,INR,Netbanking,2026-06-13 10:28:28,Success,,New Customer,0,New,,SYNTHETIC_SIMULATION
TXN00484,CUST0079,Rohan Nair,2234.8,INR,Debit Card,2026-06-13 12:18:17,Success,,Regular Customer,0,Regular,,SYNTHETIC_SIMULATION
TXN00601,CUST0037,Meera Singh,7930.68,INR,UPI,2026-06-13 15:51:49,Success,,Loyal Customer,0,Premium,,SYNTHETIC_SIMULATION
TXN00209,CUST0073,Rahul Pillai,7027.06,INR,Credit Card,2026-06-13 22:03:34,Success,,Loyal Customer,0,Premium,,SYNTHETIC_SIMULATION
TXN00596,CUST0031,Tanvi Sharma,661.16,INR,Credit Card,2026-06-14 00:47:31,Failed,Expired Card,New Customer,0,New,0.0,SYNTHETIC_SIMULATION
TXN00306,CUST0157,Vikram Bose,2131.39,INR,UPI,2026-06-14 01:49:32,Success,,Regular Customer,0,Regular,,SYNTHETIC_SIMULATION
TXN00274,CUST0142,Tanvi Gupta,903.38,INR,Credit Card,2026-06-14 02:37:21,Success,,New Customer,0,New,,SYNTHETIC_SIMULATION
TXN00073,CUST0018,Kiran Singh,1959.21,INR,UPI,2026-06-14 03:23:41,Failed,Network Failure,Occasional Buyer,1,Regular,1.0,SYNTHETIC_SIMULATION
TXN00305,CUST0208,Rohan Gupta,886.66,INR,Credit Card,2026-06-14 05:22:21,Failed,Card Declined,New Customer,2,New,1.0,SYNTHETIC_SIMULATION
TXN00021,CUST0037,Meera Singh,11303.01,INR,UPI,2026-06-14 11:31:32,Success,,Loyal Customer,0,Premium,,SYNTHETIC_SIMULATION
TXN00319,CUST0126,Harsh Pillai,2388.19,INR,Credit Card,2026-06-14 13:41:21,Success,,Occasional Buyer,0,Regular,,SYNTHETIC_SIMULATION
TXN00488,CUST0087,Divya Desai,469.22,INR,Wallet,2026-06-14 14:06:59,Success,,New Customer,0,New,,SYNTHETIC_SIMULATION
TXN00324,CUST0109,Anjali Rao,3150.87,INR,UPI,2026-06-14 21:50:38,Success,,New Customer,0,New,,SYNTHETIC_SIMULATION
TXN00365,CUST0029,Rahul Reddy,1358.43,INR,UPI,2026-06-14 23:54:10,Failed,Authentication Failure,Occasional Buyer,0,New,1.0,SYNTHETIC_SIMULATION
TXN00046,CUST0170,Simran Pillai,1344.91,INR,UPI,2026-06-15 00:01:12,Success,,Regular Customer,0,Regular,,SYNTHETIC_SIMULATION
TXN00575,CUST0114,Karthik Patel,3153.2,INR,Netbanking,2026-06-15 01:51:29,Success,,Regular Customer,0,Regular,,SYNTHETIC_SIMULATION
TXN00188,CUST0186,Meera Patel,859.46,INR,Netbanking,2026-06-15 03:14:55,Success,,Occasional Buyer,0,New,,SYNTHETIC_SIMULATION
TXN00614,CUST0005,Kunal Singh,1075.97,INR,Netbanking,2026-06-15 03:24:51,Success,,Regular Customer,0,Regular,,SYNTHETIC_SIMULATION
TXN00613,CUST0051,Gaurav Malhotra,1062.08,INR,UPI,2026-06-15 05:03:45,Success,,Occasional Buyer,0,New,,SYNTHETIC_SIMULATION
TXN00358,CUST0090,Ishita Reddy,4701.66,INR,Debit Card,2026-06-15 07:47:23,Success,,Regular Customer,0,Premium,,SYNTHETIC_SIMULATION
TXN00315,CUST0060,Rajesh Menon,1965.08,INR,Debit Card,2026-06-15 08:59:39,Failed,Expired Card,New Customer,1,New,0.0,SYNTHETIC_SIMULATION
TXN00590,CUST0017,Ishita Gupta,1247.82,INR,UPI,2026-06-15 10:02:24,Success,,Occasional Buyer,0,Regular,,SYNTHETIC_SIMULATION
TXN00265,CUST0106,Siddharth Joshi,1739.04,INR,UPI,2026-06-15 10:42:17,Failed,Insufficient Funds,Loyal Customer,0,Regular,1.0,SYNTHETIC_SIMULATION
TXN00516,CUST0066,Neha Patel,1412.67,INR,Debit Card,2026-06-16 04:02:51,Success,,New Customer,0,New,,SYNTHETIC_SIMULATION
TXN00075,CUST0014,Rohan Chowdhury,1465.76,INR,UPI,2026-06-16 04:05:25,Success,,Loyal Customer,0,Premium,,SYNTHETIC_SIMULATION
TXN00500,CUST0150,Manish Joshi,2720.58,INR,Credit Card,2026-06-16 04:52:17,Success,,Regular Customer,0,Premium,,SYNTHETIC_SIMULATION
TXN00521,CUST0027,Swati Mehta,797.78,INR,Credit Card,2026-06-16 06:33:54,Failed,Network Failure,Regular Customer,1,Regular,1.0,SYNTHETIC_SIMULATION
TXN00531,CUST0092,Ishita Gupta,2839.05,INR,Netbanking,2026-06-16 12:02:50,Success,,Loyal Customer,0,Regular,,SYNTHETIC_SIMULATION
TXN00093,CUST0145,Manish Patel,1358.14,INR,Debit Card,2026-06-16 14:02:46,Success,,Loyal Customer,0,Regular,,SYNTHETIC_SIMULATION
TXN00129,CUST0062,Kiran Agarwal,2110.77,INR,UPI,2026-06-16 18:55:17,Failed,Bank Server Issue,Regular Customer,1,Regular,1.0,SYNTHETIC_SIMULATION
TXN00085,CUST0084,Amit Sharma,1280.91,INR,UPI,2026-06-16 19:01:48,Success,,Loyal Customer,0,Regular,,SYNTHETIC_SIMULATION
TXN00461,CUST0004,Kiran Iyer,2918.53,INR,Debit Card,2026-06-16 23:40:17,Success,,Occasional Buyer,0,New,,SYNTHETIC_SIMULATION
TXN00181,CUST0072,Tanvi Kapoor,1306.88,INR,Netbanking,2026-06-17 00:31:33,Failed,Authentication Failure,Occasional Buyer,1,New,0.0,SYNTHETIC_SIMULATION
TXN00058,CUST0017,Ishita Gupta,1685.69,INR,UPI,2026-06-17 01:19:41,Success,,Occasional Buyer,0,Regular,,SYNTHETIC_SIMULATION
TXN00037,CUST0144,Rajesh Menon,1017.72,INR,UPI,2026-06-17 10:20:18,Success,,Occasional Buyer,0,New,,SYNTHETIC_SIMULATION
TXN00185,CUST0082,Nikhil Agarwal,1767.1,INR,UPI,2026-06-17 13:10:24,Success,,Loyal Customer,0,Regular,,SYNTHETIC_SIMULATION
TXN00192,CUST0053,Rohan Singh,1500.93,INR,UPI,2026-06-17 19:26:57,Success,,Occasional Buyer,0,New,,SYNTHETIC_SIMULATION
TXN00441,CUST0024,Lakshmi Chowdhury,1130.53,INR,UPI,2026-06-17 19:51:16,Success,,Occasional Buyer,0,New,,SYNTHETIC_SIMULATION
TXN00283,CUST0088,Kiran Nair,2325.31,INR,Credit Card,2026-06-17 23:57:50,Failed,Network Failure,New Customer,0,New,1.0,SYNTHETIC_SIMULATION
TXN00335,CUST0151,Kavya Gupta,1611.74,INR,Debit Card,2026-06-18 01:19:01,Success,,Occasional Buyer,0,New,,SYNTHETIC_SIMULATION
TXN00070,CUST0197,Divya Menon,609.68,INR,Debit Card,2026-06-18 01:40:42,Success,,New Customer,0,New,,SYNTHETIC_SIMULATION
TXN00630,CUST0048,Simran Iyer,3647.53,INR,UPI,2026-06-18 06:35:12,Success,,Occasional Buyer,0,Regular,,SYNTHETIC_SIMULATION
TXN00576,CUST0151,Kavya Gupta,238.25,INR,Credit Card,2026-06-18 09:25:54,Success,,Occasional Buyer,0,New,,SYNTHETIC_SIMULATION
TXN00295,CUST0035,Preeti Sharma,2431.73,INR,UPI,2026-06-18 09:35:29,Success,,Occasional Buyer,0,Regular,,SYNTHETIC_SIMULATION
TXN00220,CUST0123,Preeti Desai,943.05,INR,UPI,2026-06-18 15:52:54,Failed,Network Failure,New Customer,1,New,1.0,SYNTHETIC_SIMULATION
TXN00636,CUST0022,Tanvi Nair,332.65,INR,UPI,2026-06-18 19:26:32,Success,,New Customer,0,New,,SYNTHETIC_SIMULATION
TXN00128,CUST0141,Abhishek Sharma,639.2,INR,Wallet,2026-06-18 21:29:39,Failed,Network Failure,New Customer,0,New,1.0,SYNTHETIC_SIMULATION
TXN00548,CUST0001,Riya Singh,1787.06,INR,Netbanking,2026-06-19 00:49:05,Success,,New Customer,0,Regular,,SYNTHETIC_SIMULATION
TXN00104,CUST0199,Suresh Pillai,1285.3,INR,UPI,2026-06-19 04:11:06,Success,,Loyal Customer,0,Regular,,SYNTHETIC_SIMULATION
TXN00323,CUST0131,Pooja Patel,1274.08,INR,UPI,2026-06-19 07:17:53,Success,,Occasional Buyer,0,Regular,,SYNTHETIC_SIMULATION
TXN00113,CUST0197,Divya Menon,930.89,INR,Credit Card,2026-06-19 15:59:40,Failed,Card Declined,New Customer,2,New,0.0,SYNTHETIC_SIMULATION
TXN00490,CUST0220,Riya Malhotra,8440.69,INR,Debit Card,2026-06-19 16:59:28,Success,,Regular Customer,0,Premium,,SYNTHETIC_SIMULATION
TXN00097,CUST0219,Divya Agarwal,2351.64,INR,UPI,2026-06-19 20:44:25,Success,,Occasional Buyer,0,Regular,,SYNTHETIC_SIMULATION
TXN00002,CUST0038,Ananya Patel,826.37,INR,UPI,2026-06-19 20:46:59,Success,,Regular Customer,0,New,,SYNTHETIC_SIMULATION
TXN00059,CUST0183,Sneha Menon,2397.53,INR,UPI,2026-06-19 21:35:44,Failed,Network Failure,Occasional Buyer,1,Regular,0.0,SYNTHETIC_SIMULATION
TXN00648,CUST0220,Riya Malhotra,5286.19,INR,UPI,2026-06-19 22:04:30,Success,,Regular Customer,0,Premium,,SYNTHETIC_SIMULATION
TXN00615,CUST0149,Kavya Kulkarni,3895.01,INR,UPI,2026-06-20 10:01:29,Success,,New Customer,0,New,,SYNTHETIC_SIMULATION
TXN00201,CUST0036,Kavya Joshi,2432.76,INR,UPI,2026-06-20 10:59:26,Failed,Bank Server Issue,Regular Customer,1,Regular,0.0,SYNTHETIC_SIMULATION
TXN00511,CUST0027,Swati Mehta,2318.68,INR,UPI,2026-06-20 13:25:26,Failed,Bank Server Issue,Regular Customer,0,Regular,1.0,SYNTHETIC_SIMULATION
TXN00010,CUST0010,Sanjay Reddy,7124.39,INR,UPI,2026-06-20 14:21:58,Success,,Loyal Customer,0,Premium,,SYNTHETIC_SIMULATION
TXN00360,CUST0036,Kavya Joshi,1267.78,INR,Debit Card,2026-06-20 16:15:38,Success,,Regular Customer,0,Regular,,SYNTHETIC_SIMULATION
TXN00251,CUST0019,Sneha Singh,998.76,INR,UPI,2026-06-20 22:37:32,Success,,Loyal Customer,0,Regular,,SYNTHETIC_SIMULATION
TXN00135,CUST0161,Harsh Pillai,3429.91,INR,UPI,2026-06-21 14:23:06,Failed,Network Failure,Regular Customer,0,Premium,1.0,SYNTHETIC_SIMULATION
TXN00285,CUST0111,Kiran Sharma,6458.6,INR,UPI,2026-06-21 16:06:59,Failed,Bank Server Issue,Occasional Buyer,2,Regular,0.0,SYNTHETIC_SIMULATION
TXN00092,CUST0194,Suresh Rao,3404.16,INR,Credit Card,2026-06-21 18:37:21,Success,,New Customer,0,Regular,,SYNTHETIC_SIMULATION
TXN00189,CUST0068,Ishita Kulkarni,540.19,INR,Wallet,2026-06-21 23:18:34,Failed,Insufficient Funds,Regular Customer,1,New,0.0,SYNTHETIC_SIMULATION
TXN00381,CUST0066,Neha Patel,542.49,INR,Debit Card,2026-06-22 06:28:40,Failed,Insufficient Funds,New Customer,0,New,0.0,SYNTHETIC_SIMULATION
TXN00493,CUST0010,Sanjay Reddy,5645.9,INR,Credit Card,2026-06-22 09:11:35,Success,,Loyal Customer,0,Premium,,SYNTHETIC_SIMULATION
TXN00205,CUST0197,Divya Menon,392.84,INR,UPI,2026-06-22 10:44:00,Success,,New Customer,0,New,,SYNTHETIC_SIMULATION
TXN00297,CUST0163,Ananya Menon,8516.83,INR,Credit Card,2026-06-22 11:06:18,Success,,Loyal Customer,0,Premium,,SYNTHETIC_SIMULATION
TXN00083,CUST0020,Anjali Menon,11372.43,INR,Netbanking,2026-06-22 17:54:30,Success,,Loyal Customer,0,Premium,,SYNTHETIC_SIMULATION
TXN00455,CUST0183,Sneha Menon,1492.72,INR,UPI,2026-06-22 21:05:43,Success,,Occasional Buyer,0,Regular,,SYNTHETIC_SIMULATION
TXN00198,CUST0071,Manish Chowdhury,2174.49,INR,UPI,2026-06-22 22:03:20,Success,,Occasional Buyer,0,Regular,,SYNTHETIC_SIMULATION
TXN00539,CUST0174,Riya Rao,1642.17,INR,Credit Card,2026-06-22 22:51:00,Failed,Authentication Failure,Occasional Buyer,3,New,0.0,SYNTHETIC_SIMULATION
TXN00241,CUST0188,Preeti Chowdhury,1292.22,INR,Credit Card,2026-06-23 00:02:53,Success,,Regular Customer,0,Regular,,SYNTHETIC_SIMULATION
TXN00437,CUST0026,Kavya Nair,4893.87,INR,Netbanking,2026-06-23 01:58:46,Success,,Regular Customer,0,Regular,,SYNTHETIC_SIMULATION
TXN00430,CUST0147,Amit Sharma,312.55,INR,UPI,2026-06-23 03:27:27,Failed,Network Failure,New Customer,2,New,0.0,SYNTHETIC_SIMULATION
TXN00380,CUST0015,Shreya Gupta,552.81,INR,Credit Card,2026-06-23 08:21:16,Success,,Occasional Buyer,0,New,,SYNTHETIC_SIMULATION
TXN00366,CUST0082,Nikhil Agarwal,1602.51,INR,UPI,2026-06-23 17:36:06,Success,,Loyal Customer,0,Regular,,SYNTHETIC_SIMULATION
TXN00503,CUST0088,Kiran Nair,387.94,INR,UPI,2026-06-23 18:56:17,Failed,Authentication Failure,New Customer,0,New,1.0,SYNTHETIC_SIMULATION
TXN00635,CUST0104,Rajesh Kulkarni,1145.21,INR,Credit Card,2026-06-24 01:29:37,Failed,Expired Card,Regular Customer,2,Regular,0.0,SYNTHETIC_SIMULATION
TXN00151,CUST0128,Deepak Patel,2293.35,INR,Credit Card,2026-06-24 06:33:58,Failed,Card Declined,Occasional Buyer,1,Regular,0.0,SYNTHETIC_SIMULATION
TXN00602,CUST0003,Ananya Iyer,1203.28,INR,Credit Card,2026-06-24 07:25:33,Failed,Card Declined,New Customer,1,Regular,0.0,SYNTHETIC_SIMULATION
TXN00571,CUST0158,Kunal Agarwal,2018.54,INR,Netbanking,2026-06-24 10:26:43,Success,,New Customer,0,Regular,,SYNTHETIC_SIMULATION
TXN00082,CUST0181,Simran Reddy,1112.39,INR,UPI,2026-06-24 15:10:24,Failed,Authentication Failure,Regular Customer,0,New,1.0,SYNTHETIC_SIMULATION
TXN00314,CUST0142,Tanvi Gupta,1462.8,INR,UPI,2026-06-24 17:48:08,Success,,New Customer,0,New,,SYNTHETIC_SIMULATION
TXN00244,CUST0161,Harsh Pillai,8373.92,INR,Debit Card,2026-06-24 20:19:25,Failed,Insufficient Funds,Regular Customer,1,Premium,0.0,SYNTHETIC_SIMULATION
TXN00327,CUST0050,Kunal Iyer,3778.04,INR,Debit Card,2026-06-24 20:40:51,Success,,Regular Customer,0,Regular,,SYNTHETIC_SIMULATION
TXN00064,CUST0016,Riya Patel,1034.93,INR,Credit Card,2026-06-24 22:43:43,Success,,Occasional Buyer,0,Regular,,SYNTHETIC_SIMULATION
TXN00427,CUST0167,Vivek Menon,1175.32,INR,UPI,2026-06-25 00:37:23,Success,,Occasional Buyer,0,Regular,,SYNTHETIC_SIMULATION
TXN00574,CUST0176,Neha Iyer,787.25,INR,UPI,2026-06-25 04:14:14,Failed,Insufficient Funds,New Customer,1,New,0.0,SYNTHETIC_SIMULATION
TXN00048,CUST0053,Rohan Singh,1693.03,INR,UPI,2026-06-25 09:49:15,Success,,Occasional Buyer,0,New,,SYNTHETIC_SIMULATION
TXN00255,CUST0102,Amit Reddy,866.4,INR,Netbanking,2026-06-25 13:59:17,Success,,Loyal Customer,0,Regular,,SYNTHETIC_SIMULATION
TXN00580,CUST0126,Harsh Pillai,3748.33,INR,Debit Card,2026-06-25 15:18:57,Failed,Expired Card,Occasional Buyer,1,Regular,0.0,SYNTHETIC_SIMULATION
TXN00605,CUST0193,Deepak Mehta,1150.63,INR,Wallet,2026-06-25 19:04:21,Success,,New Customer,0,New,,SYNTHETIC_SIMULATION
TXN00412,CUST0064,Varun Verma,1076.47,INR,Debit Card,2026-06-26 02:59:22,Success,,New Customer,0,Regular,,SYNTHETIC_SIMULATION
TXN00239,CUST0103,Varun Malhotra,1388.55,INR,Credit Card,2026-06-26 10:11:20,Success,,Occasional Buyer,0,Regular,,SYNTHETIC_SIMULATION
TXN00444,CUST0105,Swati Sharma,851.1,INR,Debit Card,2026-06-26 11:56:11,Success,,New Customer,0,New,,SYNTHETIC_SIMULATION
TXN00154,CUST0182,Harsh Agarwal,6100.51,INR,UPI,2026-06-26 12:51:01,Success,,Loyal Customer,0,Premium,,SYNTHETIC_SIMULATION
TXN00600,CUST0035,Preeti Sharma,2459.01,INR,Debit Card,2026-06-26 13:01:06,Success,,Occasional Buyer,0,Regular,,SYNTHETIC_SIMULATION
TXN00331,CUST0147,Amit Sharma,891.27,INR,UPI,2026-06-26 15:38:08,Success,,New Customer,0,New,,SYNTHETIC_SIMULATION
TXN00449,CUST0068,Ishita Kulkarni,659.63,INR,UPI,2026-06-26 16:23:16,Failed,Authentication Failure,Regular Customer,1,New,1.0,SYNTHETIC_SIMULATION
TXN00234,CUST0119,Siddharth Chowdhury,1396.35,INR,Debit Card,2026-06-26 17:43:14,Success,,Regular Customer,0,Regular,,SYNTHETIC_SIMULATION
TXN00616,CUST0142,Tanvi Gupta,970.23,INR,UPI,2026-06-26 19:28:02,Success,,New Customer,0,New,,SYNTHETIC_SIMULATION
TXN00138,CUST0080,Kiran Nair,740.08,INR,Credit Card,2026-06-26 19:30:52,Failed,Network Failure,Regular Customer,0,New,1.0,SYNTHETIC_SIMULATION
TXN00132,CUST0018,Kiran Singh,2074.99,INR,Wallet,2026-06-26 20:44:59,Success,,Occasional Buyer,0,Regular,,SYNTHETIC_SIMULATION
TXN00040,CUST0030,Riya Kapoor,2226.69,INR,UPI,2026-06-27 07:13:04,Success,,Regular Customer,0,Regular,,SYNTHETIC_SIMULATION
TXN00223,CUST0130,Divya Singh,7655.12,INR,UPI,2026-06-27 07:44:04,Failed,Authentication Failure,Occasional Buyer,1,Premium,0.0,SYNTHETIC_SIMULATION
TXN00464,CUST0026,Kavya Nair,2247.76,INR,Debit Card,2026-06-27 14:47:54,Success,,Regular Customer,0,Regular,,SYNTHETIC_SIMULATION
TXN00399,CUST0081,Nisha Iyer,838.22,INR,UPI,2026-06-27 15:19:24,Success,,Occasional Buyer,0,New,,SYNTHETIC_SIMULATION
TXN00232,CUST0090,Ishita Reddy,6052.52,INR,UPI,2026-06-27 16:35:21,Success,,Regular Customer,0,Premium,,SYNTHETIC_SIMULATION
TXN00186,CUST0130,Divya Singh,7762.04,INR,Netbanking,2026-06-27 20:06:48,Success,,Occasional Buyer,0,Premium,,SYNTHETIC_SIMULATION
TXN00642,CUST0158,Kunal Agarwal,5003.84,INR,Credit Card,2026-06-27 20:36:15,Success,,New Customer,0,Regular,,SYNTHETIC_SIMULATION
TXN00303,CUST0123,Preeti Desai,1405.82,INR,Credit Card,2026-06-27 20:43:25,Success,,New Customer,0,New,,SYNTHETIC_SIMULATION
TXN00369,CUST0103,Varun Malhotra,2108.48,INR,UPI,2026-06-27 21:51:14,Success,,Occasional Buyer,0,Regular,,SYNTHETIC_SIMULATION
TXN00494,CUST0183,Sneha Menon,1244.26,INR,UPI,2026-06-28 01:31:08,Success,,Occasional Buyer,0,Regular,,SYNTHETIC_SIMULATION
TXN00263,CUST0165,Priya Agarwal,336.06,INR,Wallet,2026-06-28 03:30:36,Success,,Occasional Buyer,0,Regular,,SYNTHETIC_SIMULATION
TXN00112,CUST0214,Sneha Iyer,1969.27,INR,Debit Card,2026-06-28 03:39:10,Success,,Regular Customer,0,Regular,,SYNTHETIC_SIMULATION
TXN00512,CUST0187,Kunal Mehta,5296.92,INR,Credit Card,2026-06-28 14:34:43,Success,,Occasional Buyer,0,Premium,,SYNTHETIC_SIMULATION
TXN00222,CUST0021,Abhishek Kapoor,292.84,INR,Credit Card,2026-06-28 15:27:02,Failed,Insufficient Funds,Regular Customer,0,New,0.0,SYNTHETIC_SIMULATION
TXN00149,CUST0020,Anjali Menon,7051.32,INR,Credit Card,2026-06-28 15:38:19,Success,,Loyal Customer,0,Premium,,SYNTHETIC_SIMULATION
TXN00158,CUST0184,Vikram Chowdhury,6883.73,INR,Debit Card,2026-06-28 17:14:06,Success,,Regular Customer,0,Premium,,SYNTHETIC_SIMULATION
TXN00018,CUST0111,Kiran Sharma,2375.2,INR,UPI,2026-06-28 17:16:51,Success,,Occasional Buyer,0,Regular,,SYNTHETIC_SIMULATION
TXN00011,CUST0217,Meera Desai,1548.62,INR,Credit Card,2026-06-28 18:54:53,Failed,Card Declined,Regular Customer,3,Regular,0.0,SYNTHETIC_SIMULATION
TXN00162,CUST0015,Shreya Gupta,1439.79,INR,Netbanking,2026-06-29 07:50:59,Failed,Bank Server Issue,Occasional Buyer,3,New,1.0,SYNTHETIC_SIMULATION
TXN00522,CUST0200,Anjali Menon,1243.91,INR,UPI,2026-06-29 09:37:16,Success,,Occasional Buyer,0,New,,SYNTHETIC_SIMULATION
TXN00160,CUST0116,Ishita Rao,1331.33,INR,Credit Card,2026-06-29 14:49:19,Failed,Network Failure,Loyal Customer,1,New,1.0,SYNTHETIC_SIMULATION
TXN00587,CUST0073,Rahul Pillai,4317.02,INR,UPI,2026-06-29 15:55:49,Success,,Loyal Customer,0,Premium,,SYNTHETIC_SIMULATION
TXN00640,CUST0028,Tanvi Bose,412.8,INR,UPI,2026-06-29 20:38:30,Success,,New Customer,0,New,,SYNTHETIC_SIMULATION
TXN00481,CUST0069,Kunal Kulkarni,1862.44,INR,Debit Card,2026-06-30 03:00:31,Success,,Regular Customer,0,Regular,,SYNTHETIC_SIMULATION
TXN00077,CUST0107,Nisha Mehta,2096.19,INR,UPI,2026-06-30 06:25:21,Success,,Loyal Customer,0,Regular,,SYNTHETIC_SIMULATION
TXN00473,CUST0096,Aditya Iyer,2546.32,INR,Netbanking,2026-06-30 08:03:59,Failed,Insufficient Funds,Loyal Customer,1,Premium,0.0,SYNTHETIC_SIMULATION
TXN00343,CUST0197,Divya Menon,1040.0,INR,UPI,2026-06-30 12:24:30,Success,,New Customer,0,New,,SYNTHETIC_SIMULATION
TXN00572,CUST0144,Rajesh Menon,2454.95,INR,UPI,2026-06-30 12:45:04,Success,,Occasional Buyer,0,New,,SYNTHETIC_SIMULATION
TXN00486,CUST0150,Manish Joshi,2667.44,INR,UPI,2026-06-30 15:54:14,Success,,Regular Customer,0,Premium,,SYNTHETIC_SIMULATION
TXN00225,CUST0015,Shreya Gupta,676.44,INR,Credit Card,2026-06-30 17:24:13,Success,,Occasional Buyer,0,New,,SYNTHETIC_SIMULATION
TXN00386,CUST0147,Amit Sharma,982.63,INR,UPI,2026-07-01 04:11:46,Failed,Bank Server Issue,New Customer,3,New,0.0,SYNTHETIC_SIMULATION
TXN00581,CUST0134,Abhishek Chowdhury,6433.33,INR,UPI,2026-07-01 08:04:52,Success,,New Customer,0,Premium,,SYNTHETIC_SIMULATION
TXN00240,CUST0199,Suresh Pillai,3193.39,INR,UPI,2026-07-01 12:48:37,Success,,Loyal Customer,0,Regular,,SYNTHETIC_SIMULATION
TXN00414,CUST0089,Shreya Verma,4034.84,INR,Netbanking,2026-07-01 13:59:16,Failed,Bank Server Issue,New Customer,0,Regular,1.0,SYNTHETIC_SIMULATION
TXN00560,CUST0156,Amit Joshi,1585.19,INR,Netbanking,2026-07-01 16:17:01,Success,,Regular Customer,0,Regular,,SYNTHETIC_SIMULATION
TXN00476,CUST0095,Rohan Chowdhury,773.23,INR,Netbanking,2026-07-01 16:43:51,Success,,Occasional Buyer,0,New,,SYNTHETIC_SIMULATION
TXN00180,CUST0074,Rohan Patel,8920.37,INR,UPI,2026-07-01 18:40:31,Success,,Regular Customer,0,Regular,,SYNTHETIC_SIMULATION
TXN00618,CUST0075,Arjun Joshi,2978.49,INR,UPI,2026-07-01 20:51:43,Failed,Network Failure,Regular Customer,0,Regular,1.0,SYNTHETIC_SIMULATION
TXN00164,CUST0158,Kunal Agarwal,1272.35,INR,Credit Card,2026-07-02 01:36:58,Failed,Authentication Failure,New Customer,0,Regular,0.0,SYNTHETIC_SIMULATION
TXN00557,CUST0130,Divya Singh,4256.48,INR,UPI,2026-07-02 02:26:11,Success,,Occasional Buyer,0,Premium,,SYNTHETIC_SIMULATION
TXN00156,CUST0203,Abhishek Kulkarni,584.87,INR,UPI,2026-07-02 03:14:08,Failed,Network Failure,New Customer,1,New,0.0,SYNTHETIC_SIMULATION
TXN00408,CUST0211,Anjali Bose,824.33,INR,Debit Card,2026-07-02 03:21:07,Failed,Insufficient Funds,New Customer,1,New,0.0,SYNTHETIC_SIMULATION
TXN00431,CUST0164,Tanvi Kulkarni,3006.02,INR,Credit Card,2026-07-02 07:23:57,Success,,Regular Customer,0,Premium,,SYNTHETIC_SIMULATION
TXN00389,CUST0095,Rohan Chowdhury,1588.04,INR,Credit Card,2026-07-02 09:23:37,Success,,Occasional Buyer,0,New,,SYNTHETIC_SIMULATION
TXN00026,CUST0013,Aditya Rao,959.64,INR,Netbanking,2026-07-02 12:41:55,Success,,New Customer,0,New,,SYNTHETIC_SIMULATION
TXN00379,CUST0148,Priya Mehta,16234.62,INR,Debit Card,2026-07-02 18:51:06,Success,,Occasional Buyer,0,Premium,,SYNTHETIC_SIMULATION
TXN00330,CUST0145,Manish Patel,2823.1,INR,Debit Card,2026-07-02 22:17:36,Success,,Loyal Customer,0,Regular,,SYNTHETIC_SIMULATION
TXN00152,CUST0074,Rohan Patel,2417.64,INR,Debit Card,2026-07-03 09:34:00,Failed,Network Failure,Regular Customer,1,Regular,0.0,SYNTHETIC_SIMULATION
TXN00622,CUST0011,Kiran Rao,6875.6,INR,UPI,2026-07-03 10:42:58,Failed,Network Failure,Regular Customer,0,Premium,1.0,SYNTHETIC_SIMULATION
TXN00344,CUST0095,Rohan Chowdhury,662.38,INR,Credit Card,2026-07-03 14:11:41,Success,,Occasional Buyer,0,New,,SYNTHETIC_SIMULATION
TXN00628,CUST0210,Tanvi Patel,5100.56,INR,Netbanking,2026-07-03 19:49:54,Success,,Loyal Customer,0,Premium,,SYNTHETIC_SIMULATION
TXN00014,CUST0082,Nikhil Agarwal,697.63,INR,Debit Card,2026-07-03 21:58:35,Failed,Card Declined,Loyal Customer,1,Regular,0.0,SYNTHETIC_SIMULATION
TXN00465,CUST0068,Ishita Kulkarni,839.33,INR,UPI,2026-07-03 23:06:19,Success,,Regular Customer,0,New,,SYNTHETIC_SIMULATION
TXN00355,CUST0109,Anjali Rao,887.66,INR,Debit Card,2026-07-04 04:51:26,Failed,Card Declined,New Customer,2,New,1.0,SYNTHETIC_SIMULATION
TXN00200,CUST0168,Siddharth Patel,1065.68,INR,UPI,2026-07-04 10:04:10,Failed,Network Failure,Regular Customer,3,Regular,0.0,SYNTHETIC_SIMULATION
TXN00524,CUST0054,Arjun Malhotra,1264.41,INR,Debit Card,2026-07-04 14:18:55,Failed,Card Declined,New Customer,0,New,1.0,SYNTHETIC_SIMULATION
TXN00413,CUST0201,Ananya Mehta,859.4,INR,Debit Card,2026-07-04 22:06:14,Success,,Regular Customer,0,Regular,,SYNTHETIC_SIMULATION
TXN00036,CUST0028,Tanvi Bose,431.6,INR,Debit Card,2026-07-05 03:11:23,Success,,New Customer,0,New,,SYNTHETIC_SIMULATION
TXN00499,CUST0119,Siddharth Chowdhury,1234.49,INR,Netbanking,2026-07-05 04:13:58,Success,,Regular Customer,0,Regular,,SYNTHETIC_SIMULATION
TXN00367,CUST0175,Siddharth Kapoor,1027.06,INR,UPI,2026-07-05 04:56:10,Failed,Insufficient Funds,New Customer,0,New,1.0,SYNTHETIC_SIMULATION
TXN00482,CUST0197,Divya Menon,506.07,INR,Debit Card,2026-07-05 07:05:45,Success,,New Customer,0,New,,SYNTHETIC_SIMULATION
TXN00599,CUST0211,Anjali Bose,687.75,INR,Debit Card,2026-07-05 07:58:12,Success,,New Customer,0,New,,SYNTHETIC_SIMULATION
TXN00116,CUST0080,Kiran Nair,1075.92,INR,Wallet,2026-07-05 09:20:33,Success,,Regular Customer,0,New,,SYNTHETIC_SIMULATION
TXN00001,CUST0214,Sneha Iyer,2625.94,INR,Credit Card,2026-07-05 11:09:09,Success,,Regular Customer,0,Regular,,SYNTHETIC_SIMULATION
TXN00257,CUST0206,Neha Kulkarni,4011.02,INR,Wallet,2026-07-05 13:56:16,Success,,Loyal Customer,0,Regular,,SYNTHETIC_SIMULATION
TXN00623,CUST0203,Abhishek Kulkarni,2777.24,INR,UPI,2026-07-05 18:49:54,Success,,New Customer,0,New,,SYNTHETIC_SIMULATION
TXN00203,CUST0041,Swati Iyer,1719.57,INR,UPI,2026-07-05 19:39:43,Success,,Regular Customer,0,New,,SYNTHETIC_SIMULATION
TXN00448,CUST0079,Rohan Nair,1191.62,INR,Debit Card,2026-07-05 20:05:09,Success,,Regular Customer,0,Regular,,SYNTHETIC_SIMULATION
TXN00183,CUST0036,Kavya Joshi,1108.77,INR,Debit Card,2026-07-05 21:11:12,Success,,Regular Customer,0,Regular,,SYNTHETIC_SIMULATION
TXN00478,CUST0115,Radhika Kapoor,1082.2,INR,UPI,2026-07-05 23:38:46,Success,,Occasional Buyer,0,New,,SYNTHETIC_SIMULATION
TXN00400,CUST0054,Arjun Malhotra,1886.9,INR,Credit Card,2026-07-06 11:55:38,Success,,New Customer,0,New,,SYNTHETIC_SIMULATION
TXN00210,CUST0035,Preeti Sharma,16630.64,INR,Netbanking,2026-07-06 12:12:44,Failed,Bank Server Issue,Occasional Buyer,0,Regular,1.0,SYNTHETIC_SIMULATION
TXN00117,CUST0147,Amit Sharma,879.34,INR,Wallet,2026-07-06 12:32:15,Success,,New Customer,0,New,,SYNTHETIC_SIMULATION
TXN00022,CUST0171,Aditya Chowdhury,1764.85,INR,UPI,2026-07-06 12:45:03,Success,,New Customer,0,Regular,,SYNTHETIC_SIMULATION
TXN00611,CUST0085,Manish Gupta,1329.58,INR,Netbanking,2026-07-06 18:29:36,Failed,Bank Server Issue,New Customer,1,New,1.0,SYNTHETIC_SIMULATION
TXN00136,CUST0213,Shreya Mehta,4686.61,INR,Debit Card,2026-07-06 19:42:05,Success,,Occasional Buyer,0,Regular,,SYNTHETIC_SIMULATION
TXN00349,CUST0220,Riya Malhotra,3792.49,INR,UPI,2026-07-07 02:18:11,Success,,Regular Customer,0,Premium,,SYNTHETIC_SIMULATION
TXN00137,CUST0208,Rohan Gupta,561.18,INR,UPI,2026-07-07 03:37:30,Failed,Insufficient Funds,New Customer,0,New,1.0,SYNTHETIC_SIMULATION
TXN00394,CUST0180,Sneha Desai,2694.25,INR,Netbanking,2026-07-07 05:22:11,Success,,New Customer,0,New,,SYNTHETIC_SIMULATION
TXN00485,CUST0097,Meera Singh,3721.29,INR,Netbanking,2026-07-07 11:27:12,Failed,Bank Server Issue,Regular Customer,1,Premium,1.0,SYNTHETIC_SIMULATION
TXN00235,CUST0211,Anjali Bose,3249.86,INR,UPI,2026-07-07 14:52:54,Failed,Insufficient Funds,New Customer,3,New,0.0,SYNTHETIC_SIMULATION
TXN00194,CUST0081,Nisha Iyer,425.2,INR,Wallet,2026-07-07 21:41:21,Failed,Insufficient Funds,Occasional Buyer,2,New,0.0,SYNTHETIC_SIMULATION
TXN00342,CUST0161,Harsh Pillai,6135.48,INR,UPI,2026-07-08 05:01:41,Success,,Regular Customer,0,Premium,,SYNTHETIC_SIMULATION
TXN00100,CUST0039,Sanjay Nair,1756.32,INR,Wallet,2026-07-08 06:02:49,Success,,Loyal Customer,0,Regular,,SYNTHETIC_SIMULATION
TXN00562,CUST0088,Kiran Nair,3118.92,INR,Wallet,2026-07-08 07:08:04,Failed,Network Failure,New Customer,3,New,0.0,SYNTHETIC_SIMULATION
TXN00172,CUST0120,Rahul Reddy,1275.77,INR,UPI,2026-07-08 11:18:18,Failed,Insufficient Funds,Occasional Buyer,3,Regular,0.0,SYNTHETIC_SIMULATION
TXN00127,CUST0195,Aditya Menon,1158.88,INR,Debit Card,2026-07-09 00:40:57,Failed,Card Declined,Regular Customer,0,Regular,0.0,SYNTHETIC_SIMULATION
TXN00094,CUST0161,Harsh Pillai,4610.86,INR,UPI,2026-07-09 04:45:53,Success,,Regular Customer,0,Premium,,SYNTHETIC_SIMULATION
TXN00016,CUST0181,Simran Reddy,640.74,INR,Netbanking,2026-07-09 08:20:08,Success,,Regular Customer,0,New,,SYNTHETIC_SIMULATION
TXN00471,CUST0059,Anjali Verma,1717.67,INR,UPI,2026-07-09 13:57:39,Failed,Network Failure,Occasional Buyer,1,Regular,1.0,SYNTHETIC_SIMULATION
TXN00435,CUST0001,Riya Singh,4565.56,INR,UPI,2026-07-09 17:33:27,Success,,New Customer,0,Regular,,SYNTHETIC_SIMULATION
TXN00102,CUST0011,Kiran Rao,4401.4,INR,UPI,2026-07-09 18:16:38,Success,,Regular Customer,0,Premium,,SYNTHETIC_SIMULATION
TXN00332,CUST0194,Suresh Rao,1219.88,INR,UPI,2026-07-09 22:10:14,Failed,Network Failure,New Customer,2,Regular,0.0,SYNTHETIC_SIMULATION
TXN00115,CUST0185,Sneha Nair,1797.59,INR,UPI,2026-07-10 00:30:34,Failed,Bank Server Issue,Regular Customer,1,Regular,1.0,SYNTHETIC_SIMULATION
TXN00122,CUST0132,Tanvi Malhotra,1211.77,INR,UPI,2026-07-10 05:37:04,Success,,Occasional Buyer,0,Regular,,SYNTHETIC_SIMULATION
TXN00015,CUST0059,Anjali Verma,773.79,INR,Debit Card,2026-07-10 05:51:46,Success,,Occasional Buyer,0,Regular,,SYNTHETIC_SIMULATION
TXN00307,CUST0193,Deepak Mehta,1932.56,INR,UPI,2026-07-10 06:08:09,Failed,Insufficient Funds,New Customer,1,New,0.0,SYNTHETIC_SIMULATION
TXN00373,CUST0015,Shreya Gupta,2144.55,INR,UPI,2026-07-10 06:30:05,Success,,Occasional Buyer,0,New,,SYNTHETIC_SIMULATION
TXN00178,CUST0003,Ananya Iyer,4444.59,INR,Netbanking,2026-07-10 07:09:18,Success,,New Customer,0,Regular,,SYNTHETIC_SIMULATION
TXN00282,CUST0089,Shreya Verma,2876.05,INR,UPI,2026-07-10 10:43:50,Success,,New Customer,0,Regular,,SYNTHETIC_SIMULATION
TXN00161,CUST0197,Divya Menon,500.29,INR,Wallet,2026-07-10 20:35:14,Success,,New Customer,0,New,,SYNTHETIC_SIMULATION
TXN00558,CUST0013,Aditya Rao,692.61,INR,Credit Card,2026-07-10 23:34:55,Success,,New Customer,0,New,,SYNTHETIC_SIMULATION
TXN00426,CUST0035,Preeti Sharma,4241.82,INR,Wallet,2026-07-11 01:33:12,Success,,Occasional Buyer,0,Regular,,SYNTHETIC_SIMULATION
TXN00275,CUST0022,Tanvi Nair,498.25,INR,Credit Card,2026-07-11 01:45:32,Success,,New Customer,0,New,,SYNTHETIC_SIMULATION
TXN00294,CUST0085,Manish Gupta,1494.82,INR,Credit Card,2026-07-11 01:58:55,Success,,New Customer,0,New,,SYNTHETIC_SIMULATION
TXN00568,CUST0216,Priya Mehta,3281.17,INR,Credit Card,2026-07-11 02:44:36,Success,,Regular Customer,0,Premium,,SYNTHETIC_SIMULATION
TXN00316,CUST0051,Gaurav Malhotra,909.23,INR,Credit Card,2026-07-11 16:26:08,Failed,Card Declined,Occasional Buyer,0,New,0.0,SYNTHETIC_SIMULATION
TXN00507,CUST0163,Ananya Menon,4039.2,INR,Credit Card,2026-07-11 19:39:36,Success,,Loyal Customer,0,Premium,,SYNTHETIC_SIMULATION
TXN00076,CUST0070,Manish Iyer,3140.21,INR,Credit Card,2026-07-11 19:57:39,Success,,Occasional Buyer,0,Regular,,SYNTHETIC_SIMULATION
TXN00213,CUST0164,Tanvi Kulkarni,8751.68,INR,Netbanking,2026-07-11 21:02:21,Success,,Regular Customer,0,Premium,,SYNTHETIC_SIMULATION
TXN00519,CUST0162,Riya Kapoor,2110.4,INR,UPI,2026-07-12 05:57:18,Success,,Regular Customer,0,Regular,,SYNTHETIC_SIMULATION
TXN00384,CUST0183,Sneha Menon,1496.43,INR,Debit Card,2026-07-12 10:27:10,Success,,Occasional Buyer,0,Regular,,SYNTHETIC_SIMULATION
TXN00230,CUST0187,Kunal Mehta,7629.66,INR,Debit Card,2026-07-12 15:54:44,Success,,Occasional Buyer,0,Premium,,SYNTHETIC_SIMULATION
TXN00492,CUST0076,Shreya Rao,11384.09,INR,UPI,2026-07-12 17:00:34,Success,,Loyal Customer,0,Premium,,SYNTHETIC_SIMULATION
TXN00245,CUST0135,Meera Chowdhury,1032.6,INR,UPI,2026-07-12 17:08:34,Failed,Network Failure,Loyal Customer,2,Regular,1.0,SYNTHETIC_SIMULATION
TXN00328,CUST0105,Swati Sharma,1443.75,INR,Debit Card,2026-07-12 18:26:19,Success,,New Customer,0,New,,SYNTHETIC_SIMULATION
TXN00247,CUST0144,Rajesh Menon,675.22,INR,UPI,2026-07-12 22:34:07,Success,,Occasional Buyer,0,New,,SYNTHETIC_SIMULATION
TXN00535,CUST0217,Meera Desai,1396.17,INR,UPI,2026-07-12 23:47:13,Success,,Regular Customer,0,Regular,,SYNTHETIC_SIMULATION
TXN00236,CUST0009,Vivek Menon,1313.37,INR,Debit Card,2026-07-13 00:40:02,Success,,Occasional Buyer,0,New,,SYNTHETIC_SIMULATION
TXN00533,CUST0177,Lakshmi Bose,862.95,INR,Netbanking,2026-07-13 01:54:08,Success,,New Customer,0,New,,SYNTHETIC_SIMULATION
TXN00042,CUST0191,Pooja Menon,5917.59,INR,Debit Card,2026-07-13 02:07:24,Failed,Insufficient Funds,Regular Customer,1,Premium,0.0,SYNTHETIC_SIMULATION
TXN00547,CUST0005,Kunal Singh,2744.6,INR,UPI,2026-07-13 03:34:59,Success,,Regular Customer,0,Regular,,SYNTHETIC_SIMULATION
TXN00538,CUST0125,Swati Desai,4481.54,INR,UPI,2026-07-13 18:19:24,Failed,Insufficient Funds,Loyal Customer,0,Premium,0.0,SYNTHETIC_SIMULATION
TXN00472,CUST0055,Vikram Pillai,225.62,INR,Netbanking,2026-07-13 19:55:02,Success,,New Customer,0,New,,SYNTHETIC_SIMULATION
TXN00637,CUST0044,Ishita Singh,8197.51,INR,UPI,2026-07-14 00:09:16,Failed,Network Failure,Regular Customer,2,Premium,1.0,SYNTHETIC_SIMULATION
TXN00466,CUST0010,Sanjay Reddy,4863.51,INR,UPI,2026-07-14 07:30:58,Success,,Loyal Customer,0,Premium,,SYNTHETIC_SIMULATION
TXN00545,CUST0141,Abhishek Sharma,203.77,INR,Debit Card,2026-07-14 10:50:04,Failed,Insufficient Funds,New Customer,1,New,1.0,SYNTHETIC_SIMULATION
TXN00179,CUST0187,Kunal Mehta,4758.42,INR,UPI,2026-07-14 15:36:07,Failed,Insufficient Funds,Occasional Buyer,1,Premium,1.0,SYNTHETIC_SIMULATION
TXN00395,CUST0130,Divya Singh,9795.91,INR,UPI,2026-07-15 05:00:11,Success,,Occasional Buyer,0,Premium,,SYNTHETIC_SIMULATION
TXN00045,CUST0166,Pooja Joshi,2593.44,INR,UPI,2026-07-15 12:19:23,Failed,Insufficient Funds,Occasional Buyer,2,Premium,0.0,SYNTHETIC_SIMULATION
TXN00087,CUST0103,Varun Malhotra,3305.92,INR,Credit Card,2026-07-15 13:34:31,Success,,Occasional Buyer,0,Regular,,SYNTHETIC_SIMULATION
TXN00298,CUST0072,Tanvi Kapoor,1079.64,INR,Debit Card,2026-07-15 15:34:06,Failed,Insufficient Funds,Occasional Buyer,1,New,0.0,SYNTHETIC_SIMULATION
TXN00368,CUST0016,Riya Patel,2012.08,INR,Wallet,2026-07-15 20:43:25,Failed,Network Failure,Occasional Buyer,2,Regular,1.0,SYNTHETIC_SIMULATION
TXN00215,CUST0064,Varun Verma,1680.09,INR,UPI,2026-07-16 10:51:13,Success,,New Customer,0,Regular,,SYNTHETIC_SIMULATION
TXN00586,CUST0204,Riya Kulkarni,6149.4,INR,Wallet,2026-07-16 11:37:14,Success,,Loyal Customer,0,Premium,,SYNTHETIC_SIMULATION
TXN00140,CUST0113,Deepak Iyer,1015.39,INR,Netbanking,2026-07-16 14:37:21,Success,,Regular Customer,0,Regular,,SYNTHETIC_SIMULATION
TXN00573,CUST0013,Aditya Rao,1092.43,INR,Wallet,2026-07-16 17:26:43,Success,,New Customer,0,New,,SYNTHETIC_SIMULATION
TXN00133,CUST0130,Divya Singh,3193.42,INR,Credit Card,2026-07-16 19:23:44,Failed,Insufficient Funds,Occasional Buyer,1,Premium,0.0,SYNTHETIC_SIMULATION
TXN00024,CUST0078,Preeti Sharma,2664.11,INR,UPI,2026-07-16 19:52:18,Failed,Network Failure,Loyal Customer,1,Premium,1.0,SYNTHETIC_SIMULATION
TXN00190,CUST0185,Sneha Nair,868.56,INR,Credit Card,2026-07-17 07:39:32,Success,,Regular Customer,0,Regular,,SYNTHETIC_SIMULATION
TXN00646,CUST0206,Neha Kulkarni,1719.87,INR,Credit Card,2026-07-17 15:02:26,Success,,Loyal Customer,0,Regular,,SYNTHETIC_SIMULATION
TXN00436,CUST0106,Siddharth Joshi,2081.31,INR,Credit Card,2026-07-17 15:03:59,Success,,Loyal Customer,0,Regular,,SYNTHETIC_SIMULATION
TXN00231,CUST0098,Anjali Kapoor,579.28,INR,Credit Card,2026-07-17 15:57:19,Failed,Authentication Failure,Occasional Buyer,3,New,1.0,SYNTHETIC_SIMULATION
TXN00250,CUST0049,Abhishek Kulkarni,2496.74,INR,UPI,2026-07-18 00:18:17,Success,,Regular Customer,0,Regular,,SYNTHETIC_SIMULATION
TXN00286,CUST0022,Tanvi Nair,278.31,INR,UPI,2026-07-18 01:21:29,Failed,Network Failure,New Customer,1,New,1.0,SYNTHETIC_SIMULATION
TXN00035,CUST0173,Swati Desai,3141.32,INR,UPI,2026-07-18 01:31:38,Success,,Regular Customer,0,Regular,,SYNTHETIC_SIMULATION
TXN00508,CUST0010,Sanjay Reddy,3526.3,INR,Credit Card,2026-07-18 02:47:28,Success,,Loyal Customer,0,Premium,,SYNTHETIC_SIMULATION
TXN00553,CUST0075,Arjun Joshi,3798.19,INR,Credit Card,2026-07-18 06:08:58,Failed,Card Declined,Regular Customer,0,Regular,0.0,SYNTHETIC_SIMULATION
TXN00376,CUST0185,Sneha Nair,1310.23,INR,UPI,2026-07-18 06:54:00,Success,,Regular Customer,0,Regular,,SYNTHETIC_SIMULATION
TXN00388,CUST0142,Tanvi Gupta,2767.51,INR,Credit Card,2026-07-18 09:35:05,Failed,Network Failure,New Customer,2,New,1.0,SYNTHETIC_SIMULATION
TXN00498,CUST0202,Varun Mehta,800.95,INR,Netbanking,2026-07-18 11:45:55,Success,,New Customer,0,New,,SYNTHETIC_SIMULATION
TXN00103,CUST0157,Vikram Bose,1654.92,INR,UPI,2026-07-18 12:34:42,Success,,Regular Customer,0,Regular,,SYNTHETIC_SIMULATION
TXN00141,CUST0128,Deepak Patel,2264.49,INR,Debit Card,2026-07-18 21:11:05,Failed,Card Declined,Occasional Buyer,1,Regular,0.0,SYNTHETIC_SIMULATION
TXN00405,CUST0051,Gaurav Malhotra,685.37,INR,Netbanking,2026-07-19 01:13:37,Success,,Occasional Buyer,0,New,,SYNTHETIC_SIMULATION
TXN00424,CUST0217,Meera Desai,3409.65,INR,Credit Card,2026-07-19 04:55:09,Success,,Regular Customer,0,Regular,,SYNTHETIC_SIMULATION
TXN00610,CUST0165,Priya Agarwal,4549.74,INR,Credit Card,2026-07-19 07:10:06,Success,,Occasional Buyer,0,Regular,,SYNTHETIC_SIMULATION
TXN00182,CUST0087,Divya Desai,536.84,INR,Credit Card,2026-07-19 07:31:52,Failed,Insufficient Funds,New Customer,1,New,1.0,SYNTHETIC_SIMULATION
TXN00217,CUST0003,Ananya Iyer,1306.29,INR,UPI,2026-07-19 10:52:55,Failed,Insufficient Funds,New Customer,0,Regular,0.0,SYNTHETIC_SIMULATION
TXN00583,CUST0170,Simran Pillai,2829.99,INR,UPI,2026-07-19 12:58:02,Failed,Bank Server Issue,Regular Customer,1,Regular,0.0,SYNTHETIC_SIMULATION
TXN00382,CUST0063,Sneha Kulkarni,626.64,INR,UPI,2026-07-19 16:13:20,Success,,New Customer,0,New,,SYNTHETIC_SIMULATION
TXN00326,CUST0159,Tanvi Nair,433.32,INR,UPI,2026-07-20 02:37:39,Success,,Loyal Customer,0,New,,SYNTHETIC_SIMULATION
TXN00262,CUST0126,Harsh Pillai,1933.84,INR,Credit Card,2026-07-20 08:26:28,Failed,Insufficient Funds,Occasional Buyer,0,Regular,0.0,SYNTHETIC_SIMULATION
TXN00027,CUST0059,Anjali Verma,1060.99,INR,Credit Card,2026-07-20 10:15:08,Success,,Occasional Buyer,0,Regular,,SYNTHETIC_SIMULATION
TXN00284,CUST0116,Ishita Rao,427.22,INR,Credit Card,2026-07-20 22:24:50,Success,,Loyal Customer,0,New,,SYNTHETIC_SIMULATION
TXN00144,CUST0011,Kiran Rao,5956.97,INR,Debit Card,2026-07-21 00:39:52,Success,,Regular Customer,0,Premium,,SYNTHETIC_SIMULATION
TXN00552,CUST0057,Rahul Patel,1834.23,INR,UPI,2026-07-21 01:20:58,Success,,Regular Customer,0,Regular,,SYNTHETIC_SIMULATION
TXN00123,CUST0057,Rahul Patel,4322.27,INR,Debit Card,2026-07-21 03:14:58,Success,,Regular Customer,0,Regular,,SYNTHETIC_SIMULATION
TXN00603,CUST0022,Tanvi Nair,1512.87,INR,UPI,2026-07-21 09:59:15,Failed,Bank Server Issue,New Customer,1,New,1.0,SYNTHETIC_SIMULATION
TXN00582,CUST0138,Simran Sharma,1590.16,INR,UPI,2026-07-21 10:19:55,Success,,Occasional Buyer,0,Regular,,SYNTHETIC_SIMULATION
TXN00134,CUST0092,Ishita Gupta,2592.75,INR,Debit Card,2026-07-21 11:03:27,Success,,Loyal Customer,0,Regular,,SYNTHETIC_SIMULATION
TXN00006,CUST0115,Radhika Kapoor,780.17,INR,Credit Card,2026-07-21 14:22:56,Success,,Occasional Buyer,0,New,,SYNTHETIC_SIMULATION
TXN00171,CUST0082,Nikhil Agarwal,1225.09,INR,Debit Card,2026-07-21 16:47:43,Failed,Insufficient Funds,Loyal Customer,1,Regular,1.0,SYNTHETIC_SIMULATION
TXN00311,CUST0053,Rohan Singh,787.92,INR,Credit Card,2026-07-21 19:36:54,Failed,Expired Card,Occasional Buyer,1,New,1.0,SYNTHETIC_SIMULATION
TXN00068,CUST0058,Karthik Malhotra,8971.13,INR,Netbanking,2026-07-21 22:31:53,Success,,Loyal Customer,0,Premium,,SYNTHETIC_SIMULATION
TXN00023,CUST0041,Swati Iyer,934.97,INR,UPI,2026-07-21 23:40:17,Failed,Authentication Failure,Regular Customer,2,New,0.0,SYNTHETIC_SIMULATION
TXN00348,CUST0145,Manish Patel,921.4,INR,Netbanking,2026-07-22 04:02:28,Failed,Network Failure,Loyal Customer,2,Regular,1.0,SYNTHETIC_SIMULATION
TXN00555,CUST0212,Sanjay Pillai,6430.46,INR,Debit Card,2026-07-22 06:12:08,Success,,New Customer,0,Premium,,SYNTHETIC_SIMULATION
TXN00032,CUST0076,Shreya Rao,13713.54,INR,Debit Card,2026-07-22 06:28:18,Success,,Loyal Customer,0,Premium,,SYNTHETIC_SIMULATION
TXN00532,CUST0024,Lakshmi Chowdhury,331.32,INR,UPI,2026-07-22 08:56:12,Failed,Network Failure,Occasional Buyer,1,New,0.0,SYNTHETIC_SIMULATION
TXN00513,CUST0176,Neha Iyer,777.93,INR,Wallet,2026-07-22 20:07:31,Failed,Insufficient Funds,New Customer,3,New,0.0,SYNTHETIC_SIMULATION
TXN00347,CUST0083,Sneha Patel,376.59,INR,Netbanking,2026-07-22 22:12:20,Success,,Regular Customer,0,New,,SYNTHETIC_SIMULATION
TXN00165,CUST0185,Sneha Nair,3394.31,INR,Netbanking,2026-07-22 22:47:57,Failed,Insufficient Funds,Regular Customer,0,Regular,0.0,SYNTHETIC_SIMULATION
TXN00593,CUST0040,Kiran Gupta,1196.78,INR,UPI,2026-07-23 03:39:28,Failed,Insufficient Funds,New Customer,2,New,0.0,SYNTHETIC_SIMULATION
TXN00105,CUST0166,Pooja Joshi,5010.83,INR,UPI,2026-07-23 05:43:10,Success,,Occasional Buyer,0,Premium,,SYNTHETIC_SIMULATION
TXN00407,CUST0033,Rohan Rao,1110.77,INR,UPI,2026-07-23 06:44:22,Failed,Network Failure,Regular Customer,0,Regular,1.0,SYNTHETIC_SIMULATION
TXN00049,CUST0209,Suresh Chowdhury,1103.42,INR,Netbanking,2026-07-23 07:39:03,Success,,Occasional Buyer,0,New,,SYNTHETIC_SIMULATION
TXN00443,CUST0041,Swati Iyer,259.7,INR,UPI,2026-07-23 09:45:44,Success,,Regular Customer,0,New,,SYNTHETIC_SIMULATION
TXN00252,CUST0054,Arjun Malhotra,1557.31,INR,Netbanking,2026-07-23 13:19:02,Success,,New Customer,0,New,,SYNTHETIC_SIMULATION
TXN00202,CUST0014,Rohan Chowdhury,7189.61,INR,UPI,2026-07-23 19:28:41,Failed,Bank Server Issue,Loyal Customer,0,Premium,1.0,SYNTHETIC_SIMULATION
TXN00013,CUST0102,Amit Reddy,2282.62,INR,Debit Card,2026-07-23 21:42:25,Success,,Loyal Customer,0,Regular,,SYNTHETIC_SIMULATION
TXN00497,CUST0047,Nisha Patel,481.86,INR,Wallet,2026-07-24 02:06:21,Failed,Insufficient Funds,New Customer,2,New,0.0,SYNTHETIC_SIMULATION
TXN00423,CUST0206,Neha Kulkarni,1742.49,INR,Netbanking,2026-07-24 04:26:49,Failed,Network Failure,Loyal Customer,3,Regular,0.0,SYNTHETIC_SIMULATION
TXN00624,CUST0011,Kiran Rao,10643.56,INR,Wallet,2026-07-24 06:02:12,Success,,Regular Customer,0,Premium,,SYNTHETIC_SIMULATION
TXN00081,CUST0196,Siddharth Malhotra,1770.79,INR,UPI,2026-07-24 06:38:49,Failed,Bank Server Issue,Regular Customer,0,Regular,1.0,SYNTHETIC_SIMULATION
TXN00007,CUST0140,Radhika Desai,11963.39,INR,UPI,2026-07-24 09:08:50,Success,,Loyal Customer,0,Premium,,SYNTHETIC_SIMULATION
TXN00204,CUST0194,Suresh Rao,3567.4,INR,Wallet,2026-07-24 12:40:12,Success,,New Customer,0,Regular,,SYNTHETIC_SIMULATION
TXN00289,CUST0153,Rajesh Chowdhury,2332.15,INR,Credit Card,2026-07-24 16:18:16,Failed,Insufficient Funds,Loyal Customer,2,Regular,0.0,SYNTHETIC_SIMULATION
TXN00371,CUST0207,Ananya Agarwal,2025.32,INR,UPI,2026-07-24 16:30:16,Success,,Loyal Customer,0,Regular,,SYNTHETIC_SIMULATION
TXN00074,CUST0041,Swati Iyer,2295.68,INR,UPI,2026-07-24 22:56:38,Success,,Regular Customer,0,New,,SYNTHETIC_SIMULATION
TXN00579,CUST0040,Kiran Gupta,369.76,INR,UPI,2026-07-25 00:00:37,Failed,Authentication Failure,New Customer,1,New,0.0,SYNTHETIC_SIMULATION
TXN00099,CUST0147,Amit Sharma,900.61,INR,Debit Card,2026-07-25 00:18:22,Success,,New Customer,0,New,,SYNTHETIC_SIMULATION
TXN00595,CUST0162,Riya Kapoor,3535.63,INR,UPI,2026-07-25 02:53:36,Success,,Regular Customer,0,Regular,,SYNTHETIC_SIMULATION
TXN00125,CUST0096,Aditya Iyer,7283.95,INR,UPI,2026-07-25 05:53:10,Success,,Loyal Customer,0,Premium,,SYNTHETIC_SIMULATION
TXN00432,CUST0020,Anjali Menon,1959.38,INR,UPI,2026-07-25 08:23:28,Success,,Loyal Customer,0,Premium,,SYNTHETIC_SIMULATION
TXN00385,CUST0107,Nisha Mehta,1316.16,INR,Netbanking,2026-07-25 12:09:17,Success,,Loyal Customer,0,Regular,,SYNTHETIC_SIMULATION
TXN00296,CUST0046,Sneha Singh,1364.99,INR,Wallet,2026-07-25 12:53:23,Success,,New Customer,0,Regular,,SYNTHETIC_SIMULATION
TXN00397,CUST0213,Shreya Mehta,778.82,INR,Debit Card,2026-07-25 18:45:46,Failed,Card Declined,Occasional Buyer,0,Regular,0.0,SYNTHETIC_SIMULATION
TXN00563,CUST0216,Priya Mehta,8396.43,INR,Debit Card,2026-07-25 22:26:02,Success,,Regular Customer,0,Premium,,SYNTHETIC_SIMULATION
TXN00218,CUST0129,Nisha Kapoor,1754.17,INR,Wallet,2026-07-26 06:33:12,Success,,Occasional Buyer,0,Regular,,SYNTHETIC_SIMULATION
TXN00310,CUST0187,Kunal Mehta,4909.38,INR,UPI,2026-07-26 14:46:09,Success,,Occasional Buyer,0,Premium,,SYNTHETIC_SIMULATION
TXN00029,CUST0161,Harsh Pillai,4022.59,INR,Debit Card,2026-07-26 18:19:42,Failed,Insufficient Funds,Regular Customer,0,Premium,0.0,SYNTHETIC_SIMULATION
TXN00175,CUST0120,Rahul Reddy,2326.64,INR,Credit Card,2026-07-26 20:23:14,Failed,Authentication Failure,Occasional Buyer,1,Regular,0.0,SYNTHETIC_SIMULATION
TXN00608,CUST0085,Manish Gupta,425.48,INR,Credit Card,2026-07-26 23:32:51,Failed,Insufficient Funds,New Customer,2,New,0.0,SYNTHETIC_SIMULATION
TXN00487,CUST0153,Rajesh Chowdhury,1400.22,INR,Credit Card,2026-07-27 06:12:52,Success,,Loyal Customer,0,Regular,,SYNTHETIC_SIMULATION
TXN00242,CUST0210,Tanvi Patel,5128.82,INR,UPI,2026-07-27 07:29:40,Success,,Loyal Customer,0,Premium,,SYNTHETIC_SIMULATION
TXN00495,CUST0172,Lakshmi Joshi,4618.01,INR,UPI,2026-07-27 08:28:03,Success,,Occasional Buyer,0,Regular,,SYNTHETIC_SIMULATION
TXN00080,CUST0015,Shreya Gupta,272.45,INR,UPI,2026-07-27 09:58:09,Success,,Occasional Buyer,0,New,,SYNTHETIC_SIMULATION
TXN00196,CUST0064,Varun Verma,2469.88,INR,UPI,2026-07-27 10:27:56,Success,,New Customer,0,Regular,,SYNTHETIC_SIMULATION
TXN00243,CUST0134,Abhishek Chowdhury,6991.8,INR,UPI,2026-07-27 12:17:47,Failed,Authentication Failure,New Customer,3,Premium,0.0,SYNTHETIC_SIMULATION
TXN00469,CUST0096,Aditya Iyer,4166.16,INR,UPI,2026-07-27 13:35:59,Success,,Loyal Customer,0,Premium,,SYNTHETIC_SIMULATION
TXN00169,CUST0207,Ananya Agarwal,1745.92,INR,Debit Card,2026-07-27 18:47:29,Failed,Card Declined,Loyal Customer,1,Regular,1.0,SYNTHETIC_SIMULATION
TXN00168,CUST0140,Radhika Desai,14022.19,INR,UPI,2026-07-27 19:51:43,Success,,Loyal Customer,0,Premium,,SYNTHETIC_SIMULATION
TXN00216,CUST0069,Kunal Kulkarni,3033.38,INR,Wallet,2026-07-27 23:29:07,Success,,Regular Customer,0,Regular,,SYNTHETIC_SIMULATION
TXN00208,CUST0048,Simran Iyer,2650.71,INR,Wallet,2026-07-28 03:38:33,Failed,Network Failure,Occasional Buyer,0,Regular,0.0,SYNTHETIC_SIMULATION
TXN00300,CUST0054,Arjun Malhotra,1309.99,INR,Credit Card,2026-07-28 04:47:47,Success,,New Customer,0,New,,SYNTHETIC_SIMULATION
TXN00084,CUST0182,Harsh Agarwal,4191.71,INR,Debit Card,2026-07-28 06:28:19,Success,,Loyal Customer,0,Premium,,SYNTHETIC_SIMULATION
TXN00260,CUST0149,Kavya Kulkarni,1429.07,INR,Debit Card,2026-07-28 07:49:39,Failed,Card Declined,New Customer,1,New,1.0,SYNTHETIC_SIMULATION
TXN00527,CUST0117,Priya Verma,338.14,INR,Wallet,2026-07-28 11:53:42,Success,,New Customer,0,New,,SYNTHETIC_SIMULATION
TXN00338,CUST0083,Sneha Patel,740.38,INR,Wallet,2026-07-28 12:48:46,Success,,Regular Customer,0,New,,SYNTHETIC_SIMULATION
TXN00142,CUST0211,Anjali Bose,1967.04,INR,UPI,2026-07-28 13:58:24,Failed,Network Failure,New Customer,0,New,1.0,SYNTHETIC_SIMULATION
TXN00564,CUST0052,Sneha Reddy,1670.18,INR,UPI,2026-07-28 14:51:01,Success,,Loyal Customer,0,Regular,,SYNTHETIC_SIMULATION
TXN00410,CUST0158,Kunal Agarwal,2651.66,INR,UPI,2026-07-28 20:26:33,Success,,New Customer,0,Regular,,SYNTHETIC_SIMULATION
TXN00364,CUST0049,Abhishek Kulkarni,2492.25,INR,Debit Card,2026-07-29 01:48:17,Failed,Network Failure,Regular Customer,3,Regular,1.0,SYNTHETIC_SIMULATION
TXN00096,CUST0015,Shreya Gupta,373.12,INR,UPI,2026-07-29 05:04:20,Success,,Occasional Buyer,0,New,,SYNTHETIC_SIMULATION
TXN00387,CUST0018,Kiran Singh,2411.41,INR,Netbanking,2026-07-29 13:35:26,Success,,Occasional Buyer,0,Regular,,SYNTHETIC_SIMULATION
TXN00598,CUST0078,Preeti Sharma,3329.64,INR,Credit Card,2026-07-29 18:12:50,Success,,Loyal Customer,0,Premium,,SYNTHETIC_SIMULATION
TXN00066,CUST0185,Sneha Nair,4213.01,INR,UPI,2026-07-30 00:08:19,Success,,Regular Customer,0,Regular,,SYNTHETIC_SIMULATION
TXN00544,CUST0083,Sneha Patel,2132.27,INR,UPI,2026-07-30 04:06:42,Success,,Regular Customer,0,New,,SYNTHETIC_SIMULATION
TXN00351,CUST0078,Preeti Sharma,6345.2,INR,UPI,2026-07-30 05:40:37,Success,,Loyal Customer,0,Premium,,SYNTHETIC_SIMULATION
TXN00612,CUST0156,Amit Joshi,1938.03,INR,UPI,2026-07-30 07:22:33,Success,,Regular Customer,0,Regular,,SYNTHETIC_SIMULATION
TXN00625,CUST0134,Abhishek Chowdhury,12047.27,INR,Debit Card,2026-07-30 11:51:56,Success,,New Customer,0,Premium,,SYNTHETIC_SIMULATION
TXN00003,CUST0035,Preeti Sharma,2853.29,INR,Netbanking,2026-07-30 17:23:10,Success,,Occasional Buyer,0,Regular,,SYNTHETIC_SIMULATION
TXN00460,CUST0102,Amit Reddy,1033.98,INR,Credit Card,2026-07-30 21:11:59,Success,,Loyal Customer,0,Regular,,SYNTHETIC_SIMULATION
TXN00268,CUST0004,Kiran Iyer,380.66,INR,UPI,2026-07-30 21:47:03,Success,,Occasional Buyer,0,New,,SYNTHETIC_SIMULATION
TXN00095,CUST0162,Riya Kapoor,1610.57,INR,UPI,2026-07-30 23:48:41,Failed,Network Failure,Regular Customer,0,Regular,1.0,SYNTHETIC_SIMULATION
TXN00337,CUST0146,Sneha Joshi,1268.99,INR,UPI,2026-07-31 00:00:34,Success,,Regular Customer,0,Regular,,SYNTHETIC_SIMULATION
TXN00287,CUST0079,Rohan Nair,1838.16,INR,Credit Card,2026-07-31 06:00:02,Failed,Card Declined,Regular Customer,1,Regular,0.0,SYNTHETIC_SIMULATION
TXN00406,CUST0022,Tanvi Nair,1304.68,INR,Credit Card,2026-08-01 05:00:31,Failed,Card Declined,New Customer,3,New,0.0,SYNTHETIC_SIMULATION
TXN00479,CUST0089,Shreya Verma,10865.9,INR,UPI,2026-08-01 05:34:10,Failed,Network Failure,New Customer,0,Regular,1.0,SYNTHETIC_SIMULATION
TXN00578,CUST0110,Rajesh Gupta,3053.29,INR,UPI,2026-08-01 07:00:51,Failed,Bank Server Issue,Occasional Buyer,0,Regular,1.0,SYNTHETIC_SIMULATION
TXN00403,CUST0013,Aditya Rao,900.68,INR,Debit Card,2026-08-01 08:36:32,Failed,Insufficient Funds,New Customer,1,New,0.0,SYNTHETIC_SIMULATION
TXN00434,CUST0086,Swati Desai,2965.05,INR,Credit Card,2026-08-01 09:54:46,Failed,Card Declined,Regular Customer,0,Regular,1.0,SYNTHETIC_SIMULATION
TXN00450,CUST0068,Ishita Kulkarni,475.55,INR,Credit Card,2026-08-01 10:30:57,Success,,Regular Customer,0,New,,SYNTHETIC_SIMULATION
TXN00012,CUST0020,Anjali Menon,4303.29,INR,Credit Card,2026-08-01 14:36:18,Success,,Loyal Customer,0,Premium,,SYNTHETIC_SIMULATION
TXN00594,CUST0148,Priya Mehta,6417.8,INR,Netbanking,2026-08-01 17:07:12,Success,,Occasional Buyer,0,Premium,,SYNTHETIC_SIMULATION
TXN00259,CUST0190,Radhika Reddy,1171.79,INR,UPI,2026-08-01 22:25:26,Success,,Occasional Buyer,0,New,,SYNTHETIC_SIMULATION
TXN00195,CUST0165,Priya Agarwal,2197.88,INR,Debit Card,2026-08-02 00:29:26,Success,,Occasional Buyer,0,Regular,,SYNTHETIC_SIMULATION
TXN00604,CUST0057,Rahul Patel,4211.61,INR,Credit Card,2026-08-02 09:21:13,Failed,Expired Card,Regular Customer,1,Regular,1.0,SYNTHETIC_SIMULATION
TXN00031,CUST0070,Manish Iyer,1435.2,INR,Netbanking,2026-08-02 19:49:19,Success,,Occasional Buyer,0,Regular,,SYNTHETIC_SIMULATION
TXN00554,CUST0185,Sneha Nair,2298.31,INR,UPI,2026-08-03 00:31:08,Failed,Insufficient Funds,Regular Customer,2,Regular,1.0,SYNTHETIC_SIMULATION
TXN00047,CUST0013,Aditya Rao,681.04,INR,Debit Card,2026-08-03 06:51:48,Success,,New Customer,0,New,,SYNTHETIC_SIMULATION
TXN00390,CUST0140,Radhika Desai,4070.61,INR,Debit Card,2026-08-03 07:45:38,Failed,Insufficient Funds,Loyal Customer,0,Premium,1.0,SYNTHETIC_SIMULATION
TXN00609,CUST0044,Ishita Singh,2231.97,INR,UPI,2026-08-03 10:20:38,Success,,Regular Customer,0,Premium,,SYNTHETIC_SIMULATION
TXN00561,CUST0156,Amit Joshi,2343.44,INR,Netbanking,2026-08-03 12:14:23,Success,,Regular Customer,0,Regular,,SYNTHETIC_SIMULATION
TXN00290,CUST0144,Rajesh Menon,617.93,INR,Netbanking,2026-08-03 23:06:10,Success,,Occasional Buyer,0,New,,SYNTHETIC_SIMULATION
TXN00221,CUST0171,Aditya Chowdhury,7137.1,INR,Netbanking,2026-08-03 23:58:17,Success,,New Customer,0,Regular,,SYNTHETIC_SIMULATION
TXN00254,CUST0194,Suresh Rao,3525.78,INR,Credit Card,2026-08-04 00:17:03,Success,,New Customer,0,Regular,,SYNTHETIC_SIMULATION
TXN00607,CUST0033,Rohan Rao,1305.6,INR,Debit Card,2026-08-04 05:55:16,Failed,Card Declined,Regular Customer,0,Regular,0.0,SYNTHETIC_SIMULATION
TXN00130,CUST0162,Riya Kapoor,1514.88,INR,Credit Card,2026-08-04 07:30:21,Failed,Card Declined,Regular Customer,1,Regular,0.0,SYNTHETIC_SIMULATION
TXN00334,CUST0031,Tanvi Sharma,598.07,INR,Debit Card,2026-08-04 09:55:12,Success,,New Customer,0,New,,SYNTHETIC_SIMULATION
TXN00477,CUST0032,Manish Bose,7246.53,INR,Debit Card,2026-08-04 15:50:22,Success,,Loyal Customer,0,Premium,,SYNTHETIC_SIMULATION
TXN00124,CUST0102,Amit Reddy,924.25,INR,Credit Card,2026-08-04 16:20:18,Success,,Loyal Customer,0,Regular,,SYNTHETIC_SIMULATION
TXN00392,CUST0027,Swati Mehta,2619.02,INR,UPI,2026-08-04 17:33:49,Success,,Regular Customer,0,Regular,,SYNTHETIC_SIMULATION
TXN00020,CUST0098,Anjali Kapoor,384.76,INR,Credit Card,2026-08-04 20:23:53,Success,,Occasional Buyer,0,New,,SYNTHETIC_SIMULATION
TXN00416,CUST0197,Divya Menon,573.01,INR,Credit Card,2026-08-05 08:05:25,Failed,Expired Card,New Customer,0,New,0.0,SYNTHETIC_SIMULATION
TXN00639,CUST0153,Rajesh Chowdhury,982.91,INR,Credit Card,2026-08-05 16:02:55,Success,,Loyal Customer,0,Regular,,SYNTHETIC_SIMULATION
TXN00008,CUST0062,Kiran Agarwal,3047.54,INR,Credit Card,2026-08-05 17:14:04,Failed,Expired Card,Regular Customer,2,Regular,0.0,SYNTHETIC_SIMULATION
TXN00061,CUST0056,Rohan Verma,4274.46,INR,Credit Card,2026-08-05 17:20:42,Success,,Loyal Customer,0,Premium,,SYNTHETIC_SIMULATION
TXN00514,CUST0104,Rajesh Kulkarni,1212.99,INR,UPI,2026-08-06 07:03:20,Failed,Insufficient Funds,Regular Customer,1,Regular,1.0,SYNTHETIC_SIMULATION
TXN00219,CUST0076,Shreya Rao,4261.25,INR,UPI,2026-08-06 10:15:24,Success,,Loyal Customer,0,Premium,,SYNTHETIC_SIMULATION
TXN00483,CUST0154,Lakshmi Singh,2432.75,INR,Debit Card,2026-08-06 11:28:04,Success,,Occasional Buyer,0,Premium,,SYNTHETIC_SIMULATION
TXN00329,CUST0022,Tanvi Nair,1305.67,INR,Credit Card,2026-08-06 12:54:47,Failed,Card Declined,New Customer,0,New,0.0,SYNTHETIC_SIMULATION
TXN00510,CUST0161,Harsh Pillai,3585.04,INR,Debit Card,2026-08-06 14:48:57,Success,,Regular Customer,0,Premium,,SYNTHETIC_SIMULATION
TXN00079,CUST0171,Aditya Chowdhury,2101.63,INR,UPI,2026-08-06 16:40:10,Success,,New Customer,0,Regular,,SYNTHETIC_SIMULATION
TXN00033,CUST0020,Anjali Menon,5395.13,INR,UPI,2026-08-06 16:44:52,Success,,Loyal Customer,0,Premium,,SYNTHETIC_SIMULATION
TXN00069,CUST0196,Siddharth Malhotra,2437.92,INR,UPI,2026-08-06 17:54:07,Success,,Regular Customer,0,Regular,,SYNTHETIC_SIMULATION
TXN00308,CUST0149,Kavya Kulkarni,629.58,INR,Debit Card,2026-08-06 18:30:32,Failed,Insufficient Funds,New Customer,2,New,0.0,SYNTHETIC_SIMULATION
TXN00550,CUST0094,Kunal Singh,624.91,INR,Netbanking,2026-08-06 18:49:29,Failed,Insufficient Funds,Regular Customer,1,New,0.0,SYNTHETIC_SIMULATION
TXN00417,CUST0189,Lakshmi Malhotra,4689.75,INR,UPI,2026-08-06 23:14:20,Success,,Regular Customer,0,Regular,,SYNTHETIC_SIMULATION
TXN00617,CUST0039,Sanjay Nair,2122.11,INR,UPI,2026-08-06 23:44:43,Success,,Loyal Customer,0,Regular,,SYNTHETIC_SIMULATION
TXN00359,CUST0158,Kunal Agarwal,2386.29,INR,Debit Card,2026-08-07 05:26:05,Success,,New Customer,0,Regular,,SYNTHETIC_SIMULATION
TXN00067,CUST0027,Swati Mehta,1920.6,INR,Credit Card,2026-08-07 07:54:43,Success,,Regular Customer,0,Regular,,SYNTHETIC_SIMULATION
TXN00402,CUST0179,Rahul Desai,626.64,INR,Credit Card,2026-08-07 14:12:47,Failed,Expired Card,New Customer,3,New,0.0,SYNTHETIC_SIMULATION
TXN00110,CUST0080,Kiran Nair,858.63,INR,UPI,2026-08-07 14:43:14,Success,,Regular Customer,0,New,,SYNTHETIC_SIMULATION
TXN00043,CUST0009,Vivek Menon,837.66,INR,Debit Card,2026-08-07 18:25:18,Success,,Occasional Buyer,0,New,,SYNTHETIC_SIMULATION
TXN00505,CUST0002,Sanjay Patel,607.66,INR,Credit Card,2026-08-08 08:25:02,Success,,Occasional Buyer,0,New,,SYNTHETIC_SIMULATION
TXN00336,CUST0158,Kunal Agarwal,1842.94,INR,UPI,2026-08-08 09:48:47,Success,,New Customer,0,Regular,,SYNTHETIC_SIMULATION
TXN00248,CUST0100,Sanjay Kapoor,1395.03,INR,UPI,2026-08-08 14:18:11,Success,,Occasional Buyer,0,Regular,,SYNTHETIC_SIMULATION
TXN00197,CUST0077,Meera Mehta,528.31,INR,Debit Card,2026-08-08 20:04:57,Failed,Insufficient Funds,Occasional Buyer,3,New,0.0,SYNTHETIC_SIMULATION
TXN00363,CUST0169,Kiran Singh,841.13,INR,Netbanking,2026-08-08 21:07:45,Success,,New Customer,0,New,,SYNTHETIC_SIMULATION
TXN00591,CUST0109,Anjali Rao,937.24,INR,Netbanking,2026-08-08 21:51:27,Success,,New Customer,0,New,,SYNTHETIC_SIMULATION
TXN00509,CUST0194,Suresh Rao,2052.24,INR,Netbanking,2026-08-10 02:55:51,Success,,New Customer,0,Regular,,SYNTHETIC_SIMULATION
TXN00253,CUST0004,Kiran Iyer,3207.65,INR,UPI,2026-08-10 06:32:59,Success,,Occasional Buyer,0,New,,SYNTHETIC_SIMULATION
TXN00212,CUST0146,Sneha Joshi,3731.48,INR,Debit Card,2026-08-10 08:40:05,Success,,Regular Customer,0,Regular,,SYNTHETIC_SIMULATION
TXN00089,CUST0030,Riya Kapoor,1493.13,INR,Credit Card,2026-08-10 14:59:56,Success,,Regular Customer,0,Regular,,SYNTHETIC_SIMULATION
TXN00420,CUST0145,Manish Patel,2073.79,INR,UPI,2026-08-10 20:12:00,Success,,Loyal Customer,0,Regular,,SYNTHETIC_SIMULATION
TXN00214,CUST0103,Varun Malhotra,2859.11,INR,Debit Card,2026-08-11 07:23:53,Success,,Occasional Buyer,0,Regular,,SYNTHETIC_SIMULATION
TXN00536,CUST0146,Sneha Joshi,2050.97,INR,Debit Card,2026-08-12 00:32:10,Success,,Regular Customer,0,Regular,,SYNTHETIC_SIMULATION
TXN00429,CUST0177,Lakshmi Bose,1694.35,INR,UPI,2026-08-12 02:20:38,Success,,New Customer,0,New,,SYNTHETIC_SIMULATION
TXN00577,CUST0050,Kunal Iyer,2274.66,INR,UPI,2026-08-12 04:59:23,Failed,Insufficient Funds,Regular Customer,1,Regular,0.0,SYNTHETIC_SIMULATION
TXN00019,CUST0203,Abhishek Kulkarni,520.71,INR,UPI,2026-08-12 05:09:13,Success,,New Customer,0,New,,SYNTHETIC_SIMULATION
TXN00418,CUST0205,Harsh Bose,962.38,INR,UPI,2026-08-12 08:41:24,Failed,Network Failure,Occasional Buyer,2,New,1.0,SYNTHETIC_SIMULATION
TXN00030,CUST0084,Amit Sharma,1702.02,INR,Debit Card,2026-08-12 09:35:21,Failed,Insufficient Funds,Loyal Customer,3,Regular,0.0,SYNTHETIC_SIMULATION
TXN00504,CUST0086,Swati Desai,2723.39,INR,Debit Card,2026-08-12 13:41:22,Success,,Regular Customer,0,Regular,,SYNTHETIC_SIMULATION
TXN00279,CUST0145,Manish Patel,2076.4,INR,Debit Card,2026-08-12 13:43:43,Failed,Card Declined,Loyal Customer,0,Regular,0.0,SYNTHETIC_SIMULATION
TXN00428,CUST0058,Karthik Malhotra,7654.32,INR,Debit Card,2026-08-12 16:03:18,Success,,Loyal Customer,0,Premium,,SYNTHETIC_SIMULATION
TXN00325,CUST0166,Pooja Joshi,3284.57,INR,Wallet,2026-08-12 22:28:56,Failed,Insufficient Funds,Occasional Buyer,0,Premium,0.0,SYNTHETIC_SIMULATION
TXN00620,CUST0036,Kavya Joshi,2260.04,INR,Credit Card,2026-08-12 22:53:56,Success,,Regular Customer,0,Regular,,SYNTHETIC_SIMULATION
TXN00559,CUST0131,Pooja Patel,2482.32,INR,Debit Card,2026-08-12 23:20:35,Failed,Network Failure,Occasional Buyer,0,Regular,1.0,SYNTHETIC_SIMULATION
TXN00091,CUST0195,Aditya Menon,2107.78,INR,Debit Card,2026-08-13 01:08:29,Success,,Regular Customer,0,Regular,,SYNTHETIC_SIMULATION
TXN00543,CUST0219,Divya Agarwal,2674.16,INR,Credit Card,2026-08-13 05:00:15,Success,,Occasional Buyer,0,Regular,,SYNTHETIC_SIMULATION
TXN00088,CUST0057,Rahul Patel,2394.22,INR,UPI,2026-08-13 05:03:34,Success,,Regular Customer,0,Regular,,SYNTHETIC_SIMULATION
TXN00457,CUST0115,Radhika Kapoor,842.0,INR,UPI,2026-08-13 09:59:35,Success,,Occasional Buyer,0,New,,SYNTHETIC_SIMULATION
TXN00313,CUST0166,Pooja Joshi,8206.72,INR,UPI,2026-08-13 11:09:33,Success,,Occasional Buyer,0,Premium,,SYNTHETIC_SIMULATION
TXN00442,CUST0111,Kiran Sharma,1962.59,INR,Wallet,2026-08-14 00:23:25,Success,,Occasional Buyer,0,Regular,,SYNTHETIC_SIMULATION
TXN00118,CUST0129,Nisha Kapoor,1050.72,INR,Credit Card,2026-08-14 09:32:57,Success,,Occasional Buyer,0,Regular,,SYNTHETIC_SIMULATION
TXN00121,CUST0073,Rahul Pillai,8066.83,INR,UPI,2026-08-14 12:12:38,Success,,Loyal Customer,0,Premium,,SYNTHETIC_SIMULATION
TXN00173,CUST0108,Meera Bose,857.26,INR,UPI,2026-08-14 14:12:00,Success,,Occasional Buyer,0,New,,SYNTHETIC_SIMULATION
TXN00174,CUST0185,Sneha Nair,2410.61,INR,UPI,2026-08-14 20:25:11,Success,,Regular Customer,0,Regular,,SYNTHETIC_SIMULATION
TXN00542,CUST0014,Rohan Chowdhury,3087.59,INR,UPI,2026-08-14 20:41:08,Success,,Loyal Customer,0,Premium,,SYNTHETIC_SIMULATION
TXN00632,CUST0123,Preeti Desai,2247.85,INR,UPI,2026-08-15 01:50:40,Success,,New Customer,0,New,,SYNTHETIC_SIMULATION
TXN00409,CUST0071,Manish Chowdhury,2134.87,INR,UPI,2026-08-15 03:32:24,Success,,Occasional Buyer,0,Regular,,SYNTHETIC_SIMULATION
TXN00525,CUST0147,Amit Sharma,567.96,INR,Debit Card,2026-08-15 05:33:30,Success,,New Customer,0,New,,SYNTHETIC_SIMULATION
TXN00502,CUST0106,Siddharth Joshi,5711.17,INR,UPI,2026-08-15 07:16:47,Success,,Loyal Customer,0,Regular,,SYNTHETIC_SIMULATION
TXN00462,CUST0108,Meera Bose,917.05,INR,UPI,2026-08-15 07:40:27,Success,,Occasional Buyer,0,New,,SYNTHETIC_SIMULATION
TXN00518,CUST0065,Preeti Gupta,499.43,INR,Credit Card,2026-08-15 09:45:37,Success,,New Customer,0,New,,SYNTHETIC_SIMULATION
TXN00456,CUST0174,Riya Rao,557.95,INR,Wallet,2026-08-16 06:39:28,Success,,Occasional Buyer,0,New,,SYNTHETIC_SIMULATION
TXN00050,CUST0153,Rajesh Chowdhury,757.73,INR,UPI,2026-08-16 07:00:41,Success,,Loyal Customer,0,Regular,,SYNTHETIC_SIMULATION
TXN00126,CUST0167,Vivek Menon,6665.84,INR,UPI,2026-08-16 07:17:18,Failed,Authentication Failure,Occasional Buyer,1,Regular,0.0,SYNTHETIC_SIMULATION
TXN00090,CUST0210,Tanvi Patel,7020.81,INR,Debit Card,2026-08-16 10:52:51,Failed,Card Declined,Loyal Customer,0,Premium,1.0,SYNTHETIC_SIMULATION
TXN00393,CUST0016,Riya Patel,966.68,INR,Wallet,2026-08-16 12:28:00,Failed,Authentication Failure,Occasional Buyer,3,Regular,0.0,SYNTHETIC_SIMULATION
TXN00199,CUST0102,Amit Reddy,2063.2,INR,Debit Card,2026-08-16 12:51:13,Failed,Authentication Failure,Loyal Customer,0,Regular,0.0,SYNTHETIC_SIMULATION
TXN00170,CUST0053,Rohan Singh,571.21,INR,UPI,2026-08-16 13:39:33,Success,,Occasional Buyer,0,New,,SYNTHETIC_SIMULATION
TXN00246,CUST0218,Aditya Reddy,734.58,INR,UPI,2026-08-16 19:08:12,Success,,New Customer,0,New,,SYNTHETIC_SIMULATION
TXN00621,CUST0169,Kiran Singh,558.76,INR,Netbanking,2026-08-16 19:52:56,Success,,New Customer,0,New,,SYNTHETIC_SIMULATION
TXN00072,CUST0090,Ishita Reddy,11719.6,INR,UPI,2026-08-16 22:53:51,Success,,Regular Customer,0,Premium,,SYNTHETIC_SIMULATION
TXN00341,CUST0174,Riya Rao,548.22,INR,UPI,2026-08-16 23:18:07,Success,,Occasional Buyer,0,New,,SYNTHETIC_SIMULATION
TXN00375,CUST0031,Tanvi Sharma,3267.92,INR,UPI,2026-08-17 02:41:30,Failed,Authentication Failure,New Customer,1,New,0.0,SYNTHETIC_SIMULATION
TXN00281,CUST0139,Anjali Gupta,2126.93,INR,UPI,2026-08-17 05:08:02,Success,,Regular Customer,0,Regular,,SYNTHETIC_SIMULATION
TXN00111,CUST0125,Swati Desai,2081.02,INR,UPI,2026-08-17 07:55:11,Failed,Bank Server Issue,Loyal Customer,0,Premium,1.0,SYNTHETIC_SIMULATION
TXN00361,CUST0110,Rajesh Gupta,2658.83,INR,UPI,2026-08-17 11:18:00,Failed,Insufficient Funds,Occasional Buyer,1,Regular,0.0,SYNTHETIC_SIMULATION
TXN00291,CUST0176,Neha Iyer,792.45,INR,UPI,2026-08-17 12:04:10,Failed,Network Failure,New Customer,0,New,1.0,SYNTHETIC_SIMULATION
TXN00293,CUST0051,Gaurav Malhotra,630.42,INR,Credit Card,2026-08-17 13:22:15,Failed,Insufficient Funds,Occasional Buyer,2,New,0.0,SYNTHETIC_SIMULATION
TXN00322,CUST0152,Priya Rao,7314.24,INR,UPI,2026-08-17 13:40:52,Failed,Network Failure,Occasional Buyer,0,Premium,1.0,SYNTHETIC_SIMULATION
TXN00184,CUST0156,Amit Joshi,2605.45,INR,Netbanking,2026-08-17 14:13:10,Success,,Regular Customer,0,Regular,,SYNTHETIC_SIMULATION
TXN00356,CUST0095,Rohan Chowdhury,492.0,INR,Netbanking,2026-08-17 16:12:47,Success,,Occasional Buyer,0,New,,SYNTHETIC_SIMULATION
TXN00629,CUST0002,Sanjay Patel,928.37,INR,Credit Card,2026-08-17 18:17:41,Failed,Card Declined,Occasional Buyer,1,New,1.0,SYNTHETIC_SIMULATION
TXN00193,CUST0189,Lakshmi Malhotra,2247.9,INR,Debit Card,2026-08-17 21:09:47,Failed,Insufficient Funds,Regular Customer,2,Regular,0.0,SYNTHETIC_SIMULATION
TXN00530,CUST0012,Shreya Kulkarni,3455.91,INR,UPI,2026-08-18 01:50:32,Success,,Loyal Customer,0,Premium,,SYNTHETIC_SIMULATION
TXN00340,CUST0071,Manish Chowdhury,1465.5,INR,Netbanking,2026-08-18 07:06:35,Failed,Insufficient Funds,Occasional Buyer,2,Regular,0.0,SYNTHETIC_SIMULATION
TXN00396,CUST0016,Riya Patel,1543.72,INR,Credit Card,2026-08-18 10:53:57,Failed,Network Failure,Occasional Buyer,3,Regular,1.0,SYNTHETIC_SIMULATION
TXN00159,CUST0211,Anjali Bose,439.32,INR,Credit Card,2026-08-18 13:49:16,Success,,New Customer,0,New,,SYNTHETIC_SIMULATION
TXN00422,CUST0158,Kunal Agarwal,5247.13,INR,UPI,2026-08-18 14:41:06,Success,,New Customer,0,Regular,,SYNTHETIC_SIMULATION
TXN00109,CUST0165,Priya Agarwal,2302.27,INR,Debit Card,2026-08-18 21:26:38,Failed,Expired Card,Occasional Buyer,1,Regular,1.0,SYNTHETIC_SIMULATION
TXN00633,CUST0006,Rahul Gupta,1831.88,INR,UPI,2026-08-18 23:09:31,Success,,Occasional Buyer,0,Regular,,SYNTHETIC_SIMULATION
TXN00643,CUST0024,Lakshmi Chowdhury,768.35,INR,Credit Card,2026-08-19 00:15:01,Success,,Occasional Buyer,0,New,,SYNTHETIC_SIMULATION
TXN00377,CUST0069,Kunal Kulkarni,3228.51,INR,Debit Card,2026-08-19 03:20:50,Success,,Regular Customer,0,Regular,,SYNTHETIC_SIMULATION
TXN00546,CUST0128,Deepak Patel,1289.11,INR,Credit Card,2026-08-19 20:23:14,Success,,Occasional Buyer,0,Regular,,SYNTHETIC_SIMULATION
TXN00312,CUST0012,Shreya Kulkarni,9408.68,INR,Debit Card,2026-08-20 03:06:03,Success,,Loyal Customer,0,Premium,,SYNTHETIC_SIMULATION
TXN00150,CUST0167,Vivek Menon,2352.75,INR,UPI,2026-08-20 03:13:19,Success,,Occasional Buyer,0,Regular,,SYNTHETIC_SIMULATION
TXN00529,CUST0174,Riya Rao,1049.25,INR,UPI,2026-08-20 05:44:14,Success,,Occasional Buyer,0,New,,SYNTHETIC_SIMULATION
TXN00551,CUST0094,Kunal Singh,945.73,INR,Debit Card,2026-08-20 05:49:34,Success,,Regular Customer,0,New,,SYNTHETIC_SIMULATION
TXN00318,CUST0084,Amit Sharma,1684.72,INR,UPI,2026-08-20 11:49:50,Success,,Loyal Customer,0,Regular,,SYNTHETIC_SIMULATION
TXN00320,CUST0157,Vikram Bose,1860.17,INR,UPI,2026-08-20 14:56:46,Success,,Regular Customer,0,Regular,,SYNTHETIC_SIMULATION
TXN00566,CUST0178,Siddharth Rao,1596.48,INR,Debit Card,2026-08-20 15:06:11,Success,,Loyal Customer,0,Regular,,SYNTHETIC_SIMULATION
TXN00631,CUST0107,Nisha Mehta,787.72,INR,Debit Card,2026-08-20 19:48:36,Success,,Loyal Customer,0,Regular,,SYNTHETIC_SIMULATION
TXN00439,CUST0082,Nikhil Agarwal,783.01,INR,UPI,2026-08-21 04:58:48,Success,,Loyal Customer,0,Regular,,SYNTHETIC_SIMULATION
TXN00404,CUST0064,Varun Verma,2050.5,INR,UPI,2026-08-21 07:22:05,Failed,Insufficient Funds,New Customer,2,Regular,0.0,SYNTHETIC_SIMULATION
TXN00398,CUST0150,Manish Joshi,10688.63,INR,UPI,2026-08-21 08:15:47,Success,,Regular Customer,0,Premium,,SYNTHETIC_SIMULATION
TXN00086,CUST0093,Kunal Sharma,4226.47,INR,UPI,2026-08-21 11:08:14,Success,,Loyal Customer,0,Premium,,SYNTHETIC_SIMULATION
TXN00597,CUST0092,Ishita Gupta,1722.56,INR,Wallet,2026-08-21 12:49:52,Success,,Loyal Customer,0,Regular,,SYNTHETIC_SIMULATION
TXN00054,CUST0093,Kunal Sharma,7374.9,INR,Credit Card,2026-08-21 18:44:08,Success,,Loyal Customer,0,Premium,,SYNTHETIC_SIMULATION
TXN00120,CUST0096,Aditya Iyer,7910.66,INR,Credit Card,2026-08-21 21:03:44,Success,,Loyal Customer,0,Premium,,SYNTHETIC_SIMULATION
TXN00317,CUST0204,Riya Kulkarni,7638.65,INR,UPI,2026-08-21 21:49:34,Success,,Loyal Customer,0,Premium,,SYNTHETIC_SIMULATION
TXN00463,CUST0150,Manish Joshi,3828.15,INR,Debit Card,2026-08-22 06:07:28,Success,,Regular Customer,0,Premium,,SYNTHETIC_SIMULATION
TXN00641,CUST0212,Sanjay Pillai,4592.17,INR,UPI,2026-08-22 08:44:18,Success,,New Customer,0,Premium,,SYNTHETIC_SIMULATION
TXN00526,CUST0020,Anjali Menon,2202.96,INR,Debit Card,2026-08-22 11:35:43,Success,,Loyal Customer,0,Premium,,SYNTHETIC_SIMULATION
TXN00062,CUST0117,Priya Verma,803.2,INR,UPI,2026-08-22 13:39:29,Failed,Bank Server Issue,New Customer,1,New,1.0,SYNTHETIC_SIMULATION
TXN00425,CUST0170,Simran Pillai,2849.67,INR,UPI,2026-08-22 14:31:56,Success,,Regular Customer,0,Regular,,SYNTHETIC_SIMULATION
TXN00044,CUST0061,Suresh Malhotra,4672.49,INR,Netbanking,2026-08-22 15:39:10,Success,,Loyal Customer,0,Premium,,SYNTHETIC_SIMULATION
TXN00540,CUST0177,Lakshmi Bose,635.15,INR,Debit Card,2026-08-22 18:02:17,Success,,New Customer,0,New,,SYNTHETIC_SIMULATION
TXN00496,CUST0143,Pooja Pillai,1240.59,INR,UPI,2026-08-22 19:25:09,Failed,Insufficient Funds,New Customer,2,New,0.0,SYNTHETIC_SIMULATION
TXN00270,CUST0046,Sneha Singh,2147.17,INR,UPI,2026-08-22 21:22:15,Failed,Insufficient Funds,New Customer,1,Regular,0.0,SYNTHETIC_SIMULATION
TXN00276,CUST0145,Manish Patel,2576.42,INR,Wallet,2026-08-22 21:30:29,Success,,Loyal Customer,0,Regular,,SYNTHETIC_SIMULATION
TXN00421,CUST0045,Kiran Singh,3091.61,INR,Credit Card,2026-08-23 04:19:25,Failed,Card Declined,New Customer,1,New,1.0,SYNTHETIC_SIMULATION
TXN00157,CUST0034,Siddharth Nair,13806.4,INR,Credit Card,2026-08-23 04:40:20,Success,,Regular Customer,0,Premium,,SYNTHETIC_SIMULATION
TXN00353,CUST0060,Rajesh Menon,1502.06,INR,Credit Card,2026-08-23 05:44:38,Failed,Insufficient Funds,New Customer,0,New,1.0,SYNTHETIC_SIMULATION
TXN00506,CUST0041,Swati Iyer,670.3,INR,Credit Card,2026-08-23 06:59:24,Success,,Regular Customer,0,New,,SYNTHETIC_SIMULATION
TXN00411,CUST0141,Abhishek Sharma,1376.05,INR,Credit Card,2026-08-23 12:27:53,Failed,Insufficient Funds,New Customer,1,New,0.0,SYNTHETIC_SIMULATION
TXN00288,CUST0105,Swati Sharma,1277.92,INR,UPI,2026-08-23 15:09:51,Success,,New Customer,0,New,,SYNTHETIC_SIMULATION
TXN00034,CUST0206,Neha Kulkarni,1116.84,INR,Credit Card,2026-08-23 16:38:40,Failed,Insufficient Funds,Loyal Customer,1,Regular,0.0,SYNTHETIC_SIMULATION
TXN00273,CUST0167,Vivek Menon,3788.56,INR,Debit Card,2026-08-23 17:02:03,Success,,Occasional Buyer,0,Regular,,SYNTHETIC_SIMULATION
TXN00345,CUST0199,Suresh Pillai,1542.14,INR,Netbanking,2026-08-23 18:58:12,Success,,Loyal Customer,0,Regular,,SYNTHETIC_SIMULATION
TXN00224,CUST0184,Vikram Chowdhury,2425.13,INR,Credit Card,2026-08-23 20:51:38,Success,,Regular Customer,0,Premium,,SYNTHETIC_SIMULATION
TXN00249,CUST0116,Ishita Rao,2589.64,INR,Netbanking,2026-08-23 21:46:49,Success,,Loyal Customer,0,New,,SYNTHETIC_SIMULATION
TXN00063,CUST0122,Kavya Pillai,462.29,INR,UPI,2026-08-24 05:40:22,Failed,Bank Server Issue,New Customer,1,New,1.0,SYNTHETIC_SIMULATION
TXN00589,CUST0050,Kunal Iyer,3154.81,INR,UPI,2026-08-24 05:46:20,Failed,Authentication Failure,Regular Customer,1,Regular,1.0,SYNTHETIC_SIMULATION
TXN00163,CUST0133,Rajesh Kulkarni,1799.31,INR,Netbanking,2026-08-24 11:24:10,Failed,Authentication Failure,Occasional Buyer,0,New,0.0,SYNTHETIC_SIMULATION
TXN00057,CUST0114,Karthik Patel,1259.45,INR,UPI,2026-08-24 14:00:22,Success,,Regular Customer,0,Regular,,SYNTHETIC_SIMULATION
TXN00271,CUST0069,Kunal Kulkarni,4414.72,INR,Debit Card,2026-08-24 15:51:39,Success,,Regular Customer,0,Regular,,SYNTHETIC_SIMULATION
TXN00454,CUST0061,Suresh Malhotra,6988.51,INR,Credit Card,2026-08-24 16:39:10,Success,,Loyal Customer,0,Premium,,SYNTHETIC_SIMULATION
TXN00458,CUST0033,Rohan Rao,1130.73,INR,UPI,2026-08-24 18:07:50,Failed,Bank Server Issue,Regular Customer,0,Regular,1.0,SYNTHETIC_SIMULATION
TXN00101,CUST0215,Suresh Pillai,384.05,INR,UPI,2026-08-24 20:38:55,Success,,New Customer,0,New,,SYNTHETIC_SIMULATION
TXN00370,CUST0072,Tanvi Kapoor,564.64,INR,UPI,2026-08-24 20:53:40,Success,,Occasional Buyer,0,New,,SYNTHETIC_SIMULATION
TXN00131,CUST0048,Simran Iyer,851.62,INR,Debit Card,2026-08-24 21:20:17,Success,,Occasional Buyer,0,Regular,,SYNTHETIC_SIMULATION
TXN00438,CUST0058,Karthik Malhotra,2724.25,INR,UPI,2026-08-25 03:29:42,Success,,Loyal Customer,0,Premium,,SYNTHETIC_SIMULATION
TXN00280,CUST0211,Anjali Bose,712.52,INR,UPI,2026-08-25 13:10:29,Failed,Insufficient Funds,New Customer,2,New,0.0,SYNTHETIC_SIMULATION
TXN00292,CUST0108,Meera Bose,667.94,INR,UPI,2026-08-25 15:25:36,Failed,Insufficient Funds,Occasional Buyer,1,New,0.0,SYNTHETIC_SIMULATION
TXN00302,CUST0109,Anjali Rao,641.55,INR,Debit Card,2026-08-25 18:37:43,Success,,New Customer,0,New,,SYNTHETIC_SIMULATION
TXN00627,CUST0168,Siddharth Patel,1159.47,INR,Netbanking,2026-08-25 21:05:23,Failed,Authentication Failure,Regular Customer,0,Regular,1.0,SYNTHETIC_SIMULATION
TXN00440,CUST0097,Meera Singh,5282.88,INR,UPI,2026-08-25 22:11:45,Success,,Regular Customer,0,Premium,,SYNTHETIC_SIMULATION
TXN00459,CUST0082,Nikhil Agarwal,1473.64,INR,Netbanking,2026-08-26 05:26:49,Success,,Loyal Customer,0,Regular,,SYNTHETIC_SIMULATION
TXN00237,CUST0005,Kunal Singh,656.01,INR,UPI,2026-08-26 05:57:07,Success,,Regular Customer,0,Regular,,SYNTHETIC_SIMULATION
TXN00606,CUST0019,Sneha Singh,5609.62,INR,UPI,2026-08-26 11:24:21,Failed,Bank Server Issue,Loyal Customer,1,Regular,1.0,SYNTHETIC_SIMULATION
TXN00378,CUST0110,Rajesh Gupta,2210.2,INR,UPI,2026-08-26 11:51:08,Success,,Occasional Buyer,0,Regular,,SYNTHETIC_SIMULATION
TXN00229,CUST0016,Riya Patel,1348.28,INR,Wallet,2026-08-26 19:27:58,Failed,Insufficient Funds,Occasional Buyer,2,Regular,0.0,SYNTHETIC_SIMULATION
TXN00053,CUST0135,Meera Chowdhury,1377.04,INR,UPI,2026-08-26 19:37:05,Success,,Loyal Customer,0,Regular,,SYNTHETIC_SIMULATION
TXN00346,CUST0179,Rahul Desai,1031.98,INR,UPI,2026-08-26 21:44:11,Failed,Authentication Failure,New Customer,2,New,0.0,SYNTHETIC_SIMULATION
TXN00145,CUST0071,Manish Chowdhury,2305.23,INR,Debit Card,2026-08-27 05:00:38,Success,,Occasional Buyer,0,Regular,,SYNTHETIC_SIMULATION
TXN00475,CUST0214,Sneha Iyer,4938.08,INR,UPI,2026-08-27 11:21:44,Failed,Insufficient Funds,Regular Customer,1,Regular,1.0,SYNTHETIC_SIMULATION
TXN00017,CUST0008,Ananya Chowdhury,3273.4,INR,UPI,2026-08-27 12:57:35,Success,,Regular Customer,0,Premium,,SYNTHETIC_SIMULATION
TXN00570,CUST0065,Preeti Gupta,727.12,INR,UPI,2026-08-27 13:01:27,Failed,Network Failure,New Customer,1,New,1.0,SYNTHETIC_SIMULATION
TXN00452,CUST0151,Kavya Gupta,1592.54,INR,UPI,2026-08-27 16:22:21,Success,,Occasional Buyer,0,New,,SYNTHETIC_SIMULATION
TXN00415,CUST0208,Rohan Gupta,1095.96,INR,Debit Card,2026-08-27 19:27:07,Success,,New Customer,0,New,,SYNTHETIC_SIMULATION
TXN00176,CUST0056,Rohan Verma,8213.97,INR,Credit Card,2026-08-28 04:07:07,Success,,Loyal Customer,0,Premium,,SYNTHETIC_SIMULATION
TXN00569,CUST0007,Divya Iyer,714.13,INR,UPI,2026-08-28 04:20:22,Failed,Bank Server Issue,Occasional Buyer,0,Regular,1.0,SYNTHETIC_SIMULATION
TXN00052,CUST0005,Kunal Singh,1616.8,INR,UPI,2026-08-28 06:53:37,Success,,Regular Customer,0,Regular,,SYNTHETIC_SIMULATION
TXN00238,CUST0115,Radhika Kapoor,1004.13,INR,Credit Card,2026-08-28 11:11:20,Success,,Occasional Buyer,0,New,,SYNTHETIC_SIMULATION
TXN00446,CUST0216,Priya Mehta,7591.89,INR,Credit Card,2026-08-28 15:24:57,Failed,Card Declined,Regular Customer,2,Premium,0.0,SYNTHETIC_SIMULATION
TXN00445,CUST0077,Meera Mehta,410.48,INR,UPI,2026-08-28 16:35:01,Success,,Occasional Buyer,0,New,,SYNTHETIC_SIMULATION
TXN00468,CUST0085,Manish Gupta,1414.46,INR,Debit Card,2026-08-28 19:34:50,Success,,New Customer,0,New,,SYNTHETIC_SIMULATION
TXN00119,CUST0036,Kavya Joshi,3746.41,INR,Netbanking,2026-08-29 01:37:23,Success,,Regular Customer,0,Regular,,SYNTHETIC_SIMULATION
TXN00528,CUST0026,Kavya Nair,2051.75,INR,Debit Card,2026-08-29 12:51:28,Success,,Regular Customer,0,Regular,,SYNTHETIC_SIMULATION
TXN00588,CUST0131,Pooja Patel,1252.11,INR,Credit Card,2026-08-29 13:04:17,Success,,Occasional Buyer,0,Regular,,SYNTHETIC_SIMULATION
TXN00585,CUST0160,Riya Mehta,2208.41,INR,UPI,2026-08-29 13:57:48,Success,,Regular Customer,0,Regular,,SYNTHETIC_SIMULATION
TXN00114,CUST0043,Shreya Pillai,7744.85,INR,Debit Card,2026-08-29 17:14:15,Success,,Regular Customer,0,Regular,,SYNTHETIC_SIMULATION
TXN00098,CUST0149,Kavya Kulkarni,1050.09,INR,Credit Card,2026-08-29 18:39:10,Success,,New Customer,0,New,,SYNTHETIC_SIMULATION
TXN00645,CUST0108,Meera Bose,774.76,INR,UPI,2026-08-29 21:34:07,Success,,Occasional Buyer,0,New,,SYNTHETIC_SIMULATION
TXN00523,CUST0105,Swati Sharma,603.31,INR,UPI,2026-08-29 22:14:08,Success,,New Customer,0,New,,SYNTHETIC_SIMULATION
TXN00258,CUST0095,Rohan Chowdhury,587.22,INR,UPI,2026-08-29 22:45:34,Success,,Occasional Buyer,0,New,,SYNTHETIC_SIMULATION
TXN00634,CUST0035,Preeti Sharma,1580.06,INR,Debit Card,2026-08-29 23:06:51,Failed,Card Declined,Occasional Buyer,3,Regular,0.0,SYNTHETIC_SIMULATION
TXN00206,CUST0186,Meera Patel,511.48,INR,Netbanking,2026-08-30 08:39:09,Success,,Occasional Buyer,0,New,,SYNTHETIC_SIMULATION
TXN00039,CUST0030,Riya Kapoor,962.46,INR,UPI,2026-08-30 13:21:36,Success,,Regular Customer,0,Regular,,SYNTHETIC_SIMULATION
TXN00304,CUST0178,Siddharth Rao,2795.32,INR,UPI,2026-08-30 15:22:07,Success,,Loyal Customer,0,Regular,,SYNTHETIC_SIMULATION
TXN00515,CUST0183,Sneha Menon,1455.02,INR,Debit Card,2026-08-30 15:56:20,Success,,Occasional Buyer,0,Regular,,SYNTHETIC_SIMULATION
TXN00467,CUST0175,Siddharth Kapoor,1297.9,INR,Debit Card,2026-08-30 16:41:20,Success,,New Customer,0,New,,SYNTHETIC_SIMULATION
TXN00207,CUST0215,Suresh Pillai,1222.95,INR,UPI,2026-08-30 16:43:57,Success,,New Customer,0,New,,SYNTHETIC_SIMULATION
TXN00333,CUST0064,Varun Verma,2083.27,INR,UPI,2026-08-30 18:39:10,Failed,Authentication Failure,New Customer,0,Regular,0.0,SYNTHETIC_SIMULATION
TXN00383,CUST0046,Sneha Singh,621.33,INR,Wallet,2026-08-30 22:24:28,Success,,New Customer,0,Regular,,SYNTHETIC_SIMULATION
TXN00148,CUST0099,Riya Joshi,406.56,INR,Wallet,2026-08-31 00:18:33,Failed,Insufficient Funds,New Customer,1,New,0.0,SYNTHETIC_SIMULATION
TXN00474,CUST0135,Meera Chowdhury,4237.72,INR,Netbanking,2026-08-31 08:36:15,Success,,Loyal Customer,0,Regular,,SYNTHETIC_SIMULATION
TXN00447,CUST0123,Preeti Desai,1118.74,INR,UPI,2026-08-31 09:48:48,Failed,Insufficient Funds,New Customer,0,New,0.0,SYNTHETIC_SIMULATION
TXN00299,CUST0175,Siddharth Kapoor,1462.23,INR,Debit Card,2026-08-31 19:05:08,Success,,New Customer,0,New,,SYNTHETIC_SIMULATION
TXN00309,CUST0039,Sanjay Nair,2699.72,INR,UPI,2026-08-31 19:51:20,Failed,Network Failure,Loyal Customer,3,Regular,1.0,SYNTHETIC_SIMULATION
TXN00167,CUST0107,Nisha Mehta,3140.49,INR,Credit Card,2026-08-31 20:24:41,Success,,Loyal Customer,0,Regular,,SYNTHETIC_SIMULATION
TXN00491,CUST0175,Siddharth Kapoor,893.56,INR,UPI,2026-09-01 02:08:27,Success,,New Customer,0,New,,SYNTHETIC_SIMULATION
TXN00187,CUST0077,Meera Mehta,1192.66,INR,Credit Card,2026-09-01 15:41:24,Failed,Card Declined,Occasional Buyer,1,New,1.0,SYNTHETIC_SIMULATION
TXN00391,CUST0215,Suresh Pillai,523.72,INR,Debit Card,2026-09-02 14:28:34,Failed,Expired Card,New Customer,2,New,0.0,SYNTHETIC_SIMULATION
TXN00211,CUST0066,Neha Patel,1264.63,INR,Debit Card,2026-09-02 14:33:08,Success,,New Customer,0,New,,SYNTHETIC_SIMULATION
TXN00354,CUST0175,Siddharth Kapoor,815.69,INR,Credit Card,2026-09-02 14:47:15,Success,,New Customer,0,New,,SYNTHETIC_SIMULATION
TXN00233,CUST0187,Kunal Mehta,5556.85,INR,Wallet,2026-09-03 03:06:22,Success,,Occasional Buyer,0,Premium,,SYNTHETIC_SIMULATION
TXN00227,CUST0102,Amit Reddy,2070.1,INR,UPI,2026-09-03 10:12:43,Success,,Loyal Customer,0,Regular,,SYNTHETIC_SIMULATION
TXN00004,CUST0202,Varun Mehta,2239.07,INR,Credit Card,2026-09-03 12:34:35,Success,,New Customer,0,New,,SYNTHETIC_SIMULATION
TXN00267,CUST0169,Kiran Singh,2390.95,INR,Credit Card,2026-09-03 21:39:21,Success,,New Customer,0,New,,SYNTHETIC_SIMULATION
TXN00649,CUST0049,Abhishek Kulkarni,1759.85,INR,UPI,2026-09-03 23:19:20,Success,,Regular Customer,0,Regular,,SYNTHETIC_SIMULATION
